ID	Log Name	Total Execution Time	LPM Discovery Execution Time	Place Discovery Included	Place Discovery Algorithm ID	Count Places Used	Places discovered	Places Average Out Degree	LPM discovered	Proximity
e88c77cb-2e75-4c41-82a3-5ebfc5b7c0ff	RTFMP-est	PT2.953S	PT2.952S	false	ESTMiner	10	843	0.5	36	7
60e8fd3c-56c5-4781-bdc6-a3043af59c4b	RTFMP-est	PT10.118S	PT10.116S	false	ESTMiner	50	843	2.738095238095238	2331	7
291c9b8d-a3ef-4ff3-b8d6-f7b365eeb1fb	RTFMP-est	PT24.148S	PT24.147S	false	ESTMiner	100	843	5.2375	20264	7
9e30436a-1696-480b-b41c-e6a3fac14236	RTFMP-est	PT3M33.817S	PT3M33.817S	false	ESTMiner	250	843	7.005714285714285	87537	7
67bbebc7-8bcf-433a-82aa-a6d5ece0f766	RTFMP-est	PT3M56.872S	PT3M56.872S	false	ESTMiner	500	843	8.37797619047619	53471	7
17f8533d-d1f6-4ff1-85a2-8654b2b0281c	RTFMP-est	PT10M6.601S	PT10M6.6S	false	ESTMiner	500	843	8.37797619047619	114543	7
988a5637-6093-47cf-b318-3c4df85e91aa	HP2017-filtered-est	PT0.284S	PT0.284S	false	ESTMiner	8	8	NaN	0	7
006b1989-7baa-4809-9aa3-bf7abd1cbfa6	HP2017-filtered-est	PT0.203S	PT0.203S	false	ESTMiner	8	8	NaN	0	7
4493a2c3-f0c2-4690-9cfd-fc4d871c6c97	HP2017-filtered-est	PT0.185S	PT0.185S	false	ESTMiner	8	8	NaN	0	7
7d17c99e-a940-4b9b-8c37-a6c773e003b2	HP2017-filtered-est	PT0.16S	PT0.16S	false	ESTMiner	8	8	NaN	0	7
a7224dc6-5c7c-4a19-b132-00c17efb26c2	BPI Challenge 2012	PT37.612S	PT37.612S	false	ESTMiner	10	8581	0.8333333333333334	10	7
c6cb26e5-1eea-4a09-8659-fb69e6ceb756	BPI Challenge 2012	PT47.761S	PT47.761S	false	ESTMiner	50	8581	2.9166666666666665	547	7
60d30891-df32-487f-8390-d3fba57149b8	HP2017-filtered-est	PT0.712S	PT0.711S	false	ESTMiner	8	8	NaN	0	7
6d3f14e3-30d7-4294-ac61-73334ba296ac	BPI Challenge 2012	PT2M56.683S	PT2M56.683S	false	ESTMiner	100	8581	6.484536082474227	5411	7
e51ece87-3c75-48d4-8761-64d899d7a0e5	BPI Challenge 2012	PT6.565S	PT6.564S	false	ESTMiner	10	8581	0.8333333333333334	10	7
a8201cd2-435f-41c2-af84-68cf618700a8	BPI Challenge 2012	PT30.437S	PT30.437S	false	ESTMiner	50	8581	2.9166666666666665	547	7
7e0e60ed-ac8e-426e-9e79-0fbe3b3d8b6b	BPI Challenge 2012	PT3M30.53S	PT3M30.53S	false	ESTMiner	100	8581	6.484536082474227	5414	7
80489f6e-de2c-48da-bd86-a85071a14416	BPI Challenge 2012	PT10M22.984S	PT10M22.984S	false	ESTMiner	250	8581	24.40080971659919	101357	7
d163fb23-805c-49ad-bdcf-9d677dc7186d	ArtificialBig	PT2M33.711S	PT8.94S	true	ESTMiner	50	4795	7.52	100	7
c496c5fa-a0c6-4f64-8b17-ae70088a291c	choice-2-variants-7-activities	PT4.175S	PT4.024S	true	ESTMiner	50	125	13.4	100	7
672c8ab3-a79d-4fdd-b1fe-60ff0e3b0e91	choice-2-variants-7-activities	PT0.464S	PT0.463S	false	ESTMiner	10	125	3.6	98	7
82c0a67d-c96d-468e-bc52-ee32bf97f721	choice-2-variants-7-activities	PT5.292S	PT5.291S	false	ESTMiner	50	125	13.25	12596	7
8e51c3de-32c8-4d48-b3bb-500d66039c10	choice-2-variants-7-activities	PT54.536S	PT54.536S	false	ESTMiner	100	125	23.9390243902439	57232	7
6117f658-3d04-417a-a179-36c7367fddff	choice-2-variants-7-activities	PT1M29.935S	PT1M29.935S	false	ESTMiner	125	125	28.33684210526316	66831	7
e3f0e972-2459-40a5-9358-129d1470fdec	ArtificialBig-est	PT0.62S	PT0.611S	false	ESTMiner	10	4795	1.0	12	7
58db4e79-15b1-4e28-b311-3aeab740a77e	ArtificialBig-est	PT5.495S	PT5.494S	false	ESTMiner	50	4795	7.52	3035	7
ee2059c0-1065-4720-9aff-81c035ec2532	ArtificialBig-est	PT1M15.573S	PT1M15.573S	false	ESTMiner	100	4795	17.13	14300	7
a292a07d-6b6d-4f55-a159-8e74680fd04b	ArtificialBig-est	PT10M1.234S	PT10M1.233S	false	ESTMiner	250	4795	53.468	13239	7
9b12efdf-8ce0-4a8b-9d09-c81f391fefcc	BPI Challenge 2019	PT1H4M15.111S	PT18.462S	true	ESTMiner	9	9	1.0	69	7
951c3fd2-5fc6-48bc-9c84-97aaa89d41aa	BPI Challenge 2012 (filtered on event attributes)	PT1.043S	PT0.534S	true	InductiveMiner	30	30	0.9166666666666666	11	7
cc2c2b1e-1d89-4a04-afa8-ea26ec3225f6	BPI Challenge 2012 (filtered on event attributes)	PT0.41S	PT0.211S	true	InductiveMiner	31	31	0.9583333333333334	3	15
65c06063-6de6-4569-976a-eea7de25529e	BPI Challenge 2012 (filtered on event attributes)	PT0.231S	PT0.12S	true	InductiveMiner	31	31	0.95	12	10
95d7d217-66af-4460-aa9c-07aa892f936b	BPI Challenge 2012 (filtered on event attributes)	PT0.298S	PT0.145S	true	InductiveMiner	30	30	1.12	7	10
717e7e89-a11a-4168-b80c-3185f91232e3	BPI Challenge 2012 (filtered on event attributes)	PT1.074S	PT0.507S	true	InductiveMiner	31	31	0.9130434782608695	10	7
68d49c85-0190-46f7-98f7-da48f9e99f98	BPI Challenge 2012 (filtered on event attributes)	PT0.448S	PT0.26S	true	InductiveMiner	31	31	0.9166666666666666	22	10
96bbee67-dc6c-49e0-9444-b89cbd9712ce	BPI Challenge 2012 (filtered on event attributes)	PT0.149S	PT0.148S	false	ESTMiner	31	31	0.9166666666666666	10	7
027f134a-3ccc-449e-b26c-f9a121b7b7ed	BPI Challenge 2012 (filtered on event attributes)	PT0.189S	PT0.189S	false	ESTMiner	31	31	0.9166666666666666	10	10
8ba7a12b-7b00-4715-b095-d37a18a9a5b8	BPI Challenge 2012 (filtered on event attributes)	PT0.195S	PT0.195S	false	ESTMiner	31	31	0.9166666666666666	10	15
b70d8ea7-1fa8-4680-8426-23d2c1b5ad92	BPI Challenge 2012 (filtered on event attributes)	PT0.159S	PT0.159S	false	ESTMiner	31	31	0.9166666666666666	10	20
71074e68-81d7-475e-bec5-977229792154	BPI Challenge 2012 (filtered on event attributes)	PT0.141S	PT0.141S	false	ESTMiner	31	31	0.9166666666666666	21	12
6d056f42-2be7-4132-a53c-150199f30c63	BPI Challenge 2012 (filtered on event attributes)	PT3M16.168S	PT0.769S	true	InductiveMiner	30	30	0.9166666666666666	22	12
ff23e995-aff8-4069-b948-e7d49fbd3564	BPI Challenge 2012 (filtered on event attributes)	PT1M54.862S	PT1M51.594S	true	InductiveMiner	33	33	0.875	5	12
a6219e99-196e-42c9-9bb4-34fe708b22c8	BPI Challenge 2012 (filtered on event attributes)	PT3.807S	PT0.778S	true	InductiveMiner	30	30	1.12	14	12
fad05a3d-81ad-4a5e-ab5c-63e60f06240d	BPI Challenge 2012 (filtered on event attributes)	PT2H19M38.96S	PT11.123S	true	ESTMiner	50	27302	8.454545454545455	100	12
b60aa074-d806-45ee-9b4a-0d4e762998ec	BPI Challenge 2012 (filtered on event attributes)	PT10M59.934S	PT10M4.644S	false	ESTMiner	250	27196	59.67372881355932	10000	7
300fe81d-f0b6-4416-9df4-996831525cf5	BPI Challenge 2012 (filtered on event attributes)	PT10M31.178S	PT10M31.178S	false	ESTMiner	100	27284	17.778947368421054	10000	12
9be63f40-d147-4747-be33-33c6105b2e18	BPI Challenge 2012 (filtered on event attributes)	PT3M57.363S	PT3M38.923S	true	ESTMiner	50	1839	9.466666666666667	100	7
9d878f2d-29fd-468d-9314-ad988ea07700	choice-2-variants-7-activities	PT7.616S	PT7.195S	true	ESTMiner	50	125	13.4	100	7
71bb922b-d582-4568-b833-662079597107	BPI Challenge 2012 (filtered on event attributes)	PT13.049S	PT9.555S	false	ESTMiner	50	1839	9.0	100	12
6e254177-76f7-436f-9ab7-3541c26d5680	BPI Challenge 2012 (filtered on event attributes)	PT1M32.975S	PT1M32.975S	false	ESTMiner	50	1839	9.0	100	12
d705175a-0ac4-4ee5-8d0f-d55c21b7239c	BPI Challenge 2012 (filtered on event attributes)	PT7.979S	PT7.978S	false	ESTMiner	50	1839	9.0	100	12
b00abc24-7b07-493e-b691-cf3fe1642403	BPI Challenge 2012 (filtered on event attributes)	PT10M19.651S	PT10M19.646S	false	ESTMiner	100	1839	21.322580645161292	100	7
aa1caed4-bf96-433a-81b1-141ee69c0ad8	BPI Challenge 2012 (filtered on event attributes)	PT10M22.927S	PT10M22.922S	false	ESTMiner	70	1839	14.234375	100	7
3df070ab-84e2-4bce-98b3-34002f487322	BPI Challenge 2012 (filtered on event attributes)	PT2M36.388S	PT2M36.388S	false	ESTMiner	50	1839	9.045454545454545	100	7
5eceab51-a22d-4314-81d3-8f3f1498ef52	BPI Challenge 2012 (filtered on event attributes)	PT0.483S	PT0.11S	true	InductiveMiner	31	31	0.9130434782608695	15	7
dda8c270-9224-4711-9d5b-3457b539ee58	BPI Challenge 2012 (filtered on event attributes)	PT0.391S	PT0.165S	true	InductiveMiner	31	31	0.9130434782608695	15	15
95d1e8c3-01b8-4139-9c66-fa0e16e712f0	BPI Challenge 2012 (filtered on event attributes)	PT2M13.646S	PT2M13.646S	false	ESTMiner	50	1839	9.045454545454545	100	7
8bf7274b-76cf-4f2b-8247-069477235447	BPI Challenge 2012 (filtered on event attributes)	PT2M21.824S	PT2M21.823S	false	ESTMiner	50	1839	9.045454545454545	100	7
66380ac2-399e-4ef2-991a-b437221f3af6	RTFMP-est	PT5.881S	PT5.88S	false	ESTMiner	50	843	2.738095238095238	1701	5
32a7dd9d-f3b0-4937-a73b-080a69fd25d6	RTFMP-est	PT15.559S	PT1.48S	true	ESTMiner	26	26	1.2692307692307692	72	5
cb06b857-8bb9-45de-8f44-bcdf7cca7c07	RTFMP-est	PT7.257S	PT2.489S	true	ESTMiner	24	24	1.5	10	5
bc6548e1-c548-4e0d-8ec1-52859d61e405	RTFMP-est	PT4.647S	PT4.646S	false	ESTMiner	50	843	2.738095238095238	1730	7
df24cb64-786e-4d57-97e7-5006f3cf26f1	RTFMP-est	PT9.71S	PT1.013S	true	ESTMiner	28	28	1.125	20	7
2ca7b305-eb64-4f1a-973f-4c4f32d9665b	RTFMP-est	PT8.772S	PT2.25S	true	ESTMiner	24	24	1.5	9	7
ebbbb627-e3a8-45ff-a6a9-2902ec95dfec	RTFMP-est	PT3.29S	PT0S	false	ESTMiner	50	843	2.738095238095238	0	12
278293d1-d84f-4faa-a4ec-385820a4e363	RTFMP-est	PT15.337S	PT15.335S	false	ESTMiner	50	843	2.738095238095238	1671	5
6928c4f7-03d2-480c-a29c-a4219d9dca10	RTFMP-est	PT6.03S	PT6.029S	false	ESTMiner	50	843	2.738095238095238	1710	5
eb9967a4-62aa-4f3e-bae3-40d965e82cb6	RTFMP-est	PT15.595S	PT1.267S	true	InductiveMiner	28	28	1.125	16	5
b34810bc-1c2d-45a4-b724-41912d899f70	RTFMP-est	PT6.771S	PT2.059S	true	HeuristicMiner	24	24	1.5	10	5
0ff2d6d5-32b7-4a97-bcb7-8183c188b79b	RTFMP-est	PT3.533S	PT3.533S	false	ESTMiner	50	843	2.738095238095238	1733	7
8aa7070a-b201-404b-9e3c-1ed114673fe9	RTFMP-est	PT5.648S	PT1.001S	true	InductiveMiner	28	28	1.125	20	7
fcbd363b-8832-47d4-a4d4-55eca9ea56fb	RTFMP-est	PT6.033S	PT2.289S	true	HeuristicMiner	24	24	1.5	9	7
e19287ca-3831-4bbe-ad6f-979bb3146320	RTFMP-est	PT3.209S	PT0S	false	ESTMiner	50	843	2.738095238095238	0	12
739c2999-6835-4298-931e-45047e1f9151	RTFMP-est	PT6.305S	PT1.222S	true	InductiveMiner	28	28	1.125	16	12
3c550d12-da36-4d2a-b3fc-fab445baa726	RTFMP-est	PT6.837S	PT2.875S	true	HeuristicMiner	24	24	1.5	5	12
7732eb87-1f3c-4fd1-878b-262bccb80dcf	RTFMP-est	PT5.144S	PT0S	false	ESTMiner	50	843	2.738095238095238	0	15
082971be-e210-4d90-b2cd-f253e256a6c7	RTFMP-est	PT6.033S	PT1.34S	true	InductiveMiner	28	28	1.125	16	15
e362e1dc-5f6e-449a-a629-be6b1cb94f01	RTFMP-est	PT7.526S	PT3.228S	true	HeuristicMiner	24	24	1.5	5	15
ba4ae5d3-69d6-4c3d-9487-8d829ac58423	RTFMP-est	PT5.888S	PT0S	false	ESTMiner	50	843	2.738095238095238	0	20
bd651ed5-5179-4ea6-b0b3-dcfa4dc78ccb	RTFMP-est	PT7.935S	PT1.611S	true	InductiveMiner	28	28	1.125	16	20
a7403c2e-82ce-4d00-a974-1940153873f3	RTFMP-est	PT6.979S	PT3.742S	true	HeuristicMiner	24	24	1.5	5	20
e378eb44-1380-4fa9-b5a4-8c273e9da8e1	RTFMP-est	PT43.955S	PT43.955S	false	ESTMiner	100	843	5.2375	29623	5
b9c4a744-b2e3-46ca-a54b-e81a2a3c6f42	RTFMP-est	PT6.798S	PT1.11S	true	InductiveMiner	28	28	1.125	16	5
7be00508-92b6-4bce-9aa9-441ac839a479	RTFMP-est	PT5.213S	PT1.901S	true	HeuristicMiner	24	24	1.5	10	5
1251899e-45fc-40e9-8925-d7df5f7c5060	RTFMP-est	PT16.021S	PT16.02S	false	ESTMiner	100	843	5.2375	21116	7
2493fa7c-db0d-4312-880c-35740b57852f	RTFMP-est	PT7.262S	PT1.039S	true	InductiveMiner	28	28	1.125	20	7
a8141ca0-11c0-4a6f-8728-57611c8b7e8e	RTFMP-est	PT5.448S	PT2.189S	true	HeuristicMiner	24	24	1.5	9	7
201590fb-628a-4cb2-aab9-e8605b46309a	RTFMP-est	PT12.35S	PT0S	false	ESTMiner	100	843	5.2375	0	12
d6077b2a-f75c-4d7c-9268-5da8e1c96567	RTFMP-est	PT7.114S	PT1.297S	true	InductiveMiner	28	28	1.125	16	12
f5f60b64-d6f9-4d8b-a211-6575f70819b5	RTFMP-est	PT7.026S	PT3.061S	true	HeuristicMiner	24	24	1.5	5	12
1476fb65-44ab-4e46-91bf-801d14adb271	RTFMP-est	PT16.496S	PT0S	false	ESTMiner	100	843	5.2375	0	15
d484a8d6-9094-4b4d-b363-c71ef538e87d	RTFMP-est	PT7.682S	PT1.381S	true	InductiveMiner	28	28	1.125	16	15
dcdac0c8-7d6a-472d-8671-f0c9bcd69be2	RTFMP-est	PT7.201S	PT3.332S	true	HeuristicMiner	24	24	1.5	5	15
3cbf7659-7db9-4c97-807c-efda8172fa31	RTFMP-est	PT21.129S	PT0S	false	ESTMiner	100	843	5.2375	0	20
381f1e51-dcd1-4ec6-afb9-2f8924639f02	RTFMP-est	PT7.737S	PT1.659S	true	InductiveMiner	28	28	1.125	16	20
0275df16-7fd5-4687-bdea-a899e722e530	RTFMP-est	PT6.997S	PT3.729S	true	HeuristicMiner	24	24	1.5	5	20
784e4081-d5cc-41c0-a34d-0649ca3616d8	RTFMP-est	PT2M39.885S	PT2M39.884S	false	ESTMiner	250	843	7.005714285714285	92175	5
d0cf7135-05b7-41cb-ba92-ac21f808ff13	RTFMP-est	PT7.009S	PT1.019S	true	InductiveMiner	28	28	1.1538461538461537	60	5
70112dc8-4d4a-424e-933d-a04b0d853176	RTFMP-est	PT5.256S	PT1.914S	true	HeuristicMiner	24	24	1.5	10	5
1f7bf12f-5695-47b6-a1f7-8fe1639cd645	RTFMP-est	PT46.345S	PT46.345S	false	ESTMiner	250	843	7.005714285714285	43656	7
94d928a4-ed68-4f2f-930b-6f2c5bf92d72	RTFMP-est	PT7.422S	PT1.365S	true	InductiveMiner	28	28	1.125	20	7
95c5cfa9-ce9b-4d4f-8c42-cc8f46c5dc7e	RTFMP-est	PT5.483S	PT2.213S	true	HeuristicMiner	24	24	1.5	9	7
4b6a3231-f83e-4ce2-8a13-3869d220a6cc	RTFMP-est	PT1M39.144S	PT0S	false	ESTMiner	250	843	7.005714285714285	0	12
5e4967e9-f22a-431e-b607-8fe64a8ed079	RTFMP-est	PT6.387S	PT1.365S	true	InductiveMiner	28	28	1.125	16	12
d392c209-f30c-4a02-8054-1a062e86a4ba	RTFMP-est	PT7.954S	PT2.999S	true	HeuristicMiner	24	24	1.5	5	12
eea52344-ced9-423a-8d0d-2f19657f5dff	RTFMP-est	PT3.57S	PT0S	false	ESTMiner	250	843	7.005714285714285	0	15
1cfd003d-b105-48ea-adfa-512342861a0a	RTFMP-est	PT7.315S	PT1.521S	true	InductiveMiner	28	28	1.125	16	15
ca51f5ab-39e3-4cd5-8055-0eb5210823c1	RTFMP-est	PT6.95S	PT3.183S	true	HeuristicMiner	24	24	1.5	5	15
cb2f181f-23f5-474f-b9f7-27a19a5a09c2	RTFMP-est	PT12.298S	PT0S	false	ESTMiner	250	843	7.005714285714285	0	20
8d93ba29-0738-419a-b2fc-39849d8bf89f	RTFMP-est	PT8.216S	PT1.831S	true	InductiveMiner	26	26	1.25	24	20
76a2e97a-be87-47b5-b055-cdbd03ce22e1	RTFMP-est	PT7.311S	PT3.913S	true	HeuristicMiner	24	24	1.5	5	20
fc1b5384-a5a5-4874-9f73-8b3d62f4c772	RTFMP-est	PT15.091S	PT15.091S	false	ESTMiner	500	843	8.37797619047619	8633	5
1451d155-fd0d-4ef4-8db1-81df995c37f8	RTFMP-est	PT6.369S	PT1.009S	true	InductiveMiner	24	24	1.3181818181818181	21	5
e53f256a-ff84-42d8-a8bd-8f54baf21530	RTFMP-est	PT5.576S	PT1.852S	true	HeuristicMiner	24	24	1.5	10	5
f14baf54-59cf-488c-8c42-007de8d97751	RTFMP-est	PT5M16.171S	PT5M16.171S	false	ESTMiner	500	843	8.37797619047619	49684	7
ee8ec941-bc12-454e-b70c-807bef4b6110	RTFMP-est	PT7.627S	PT1.217S	true	InductiveMiner	28	28	1.125	20	7
e8fbe82b-22c7-493c-96fa-1b8c02ad214e	RTFMP-est	PT5.556S	PT2.2S	true	HeuristicMiner	24	24	1.5	9	7
06a2b40f-1a40-4620-87cf-e29e88d9b82b	RTFMP-est	PT1M30.918S	PT0S	false	ESTMiner	500	843	8.37797619047619	0	12
52df6c98-b61c-4f7b-9b8d-0eb7bda11b5b	RTFMP-est	PT7.494S	PT1.248S	true	InductiveMiner	28	28	1.125	16	12
86b85a42-11c3-4125-92da-8c78e2e6b470	RTFMP-est	PT6.042S	PT2.783S	true	HeuristicMiner	24	24	1.5	5	12
562de8a5-e93e-4f78-a71e-4a477455e607	RTFMP-est	PT7M49.418S	PT0S	false	ESTMiner	500	843	8.37797619047619	0	15
92fdc40c-6f3e-4332-a513-32d3d217c23d	RTFMP-est	PT6.98S	PT1.7S	true	InductiveMiner	28	28	1.125	16	15
519afb73-0bf5-426e-8a0e-f6a1efbc3d4a	RTFMP-est	PT8.182S	PT3.197S	true	HeuristicMiner	24	24	1.5	5	15
d2122190-c75c-4cfe-98e8-8ab55f1f6a10	RTFMP-est	PT1M28.784S	PT0S	false	ESTMiner	500	843	8.37797619047619	0	20
e66d6ab9-6b93-452b-b502-1ad2a2a7225a	RTFMP-est	PT7.856S	PT1.864S	true	InductiveMiner	28	28	1.125	16	20
aa2dffe4-a717-40c4-a06e-9dd40f60d649	RTFMP-est	PT7.225S	PT3.9S	true	HeuristicMiner	24	24	1.5	5	20
dcc69d13-8872-4aa6-9bdc-d21bc08116c3	HP2017-filtered-est	PT0.086S	PT0S	false	ESTMiner	8	8	NaN	0	5
15778c5f-a8ca-49e9-8181-54ee4aac9ef2	HP2017-filtered-est	PT0.356S	PT0.117S	true	InductiveMiner	37	37	0.9428571428571428	3	5
383e225d-8bc1-4f63-8520-0a1d4ffa9540	HP2017-filtered-est	PT1.266S	PT1.087S	true	HeuristicMiner	22	22	1.5909090909090908	4	5
53aab3ef-bb57-4700-b7ed-991597e5a5ff	HP2017-filtered-est	PT0.086S	PT0S	false	ESTMiner	8	8	NaN	0	7
ca529cdc-aca4-43ec-9c7d-c0dbb7a09707	HP2017-filtered-est	PT0.389S	PT0.115S	true	InductiveMiner	37	37	0.9428571428571428	1	7
3b9b7cc1-ec4c-4d16-8ad1-b58549d7c678	HP2017-filtered-est	PT2.201S	PT2.055S	true	HeuristicMiner	22	22	1.5909090909090908	4	7
bf26c5f9-85df-4306-b635-c7c6e9a32bec	HP2017-filtered-est	PT0.099S	PT0S	false	ESTMiner	8	8	NaN	0	12
50ac6525-7461-424d-8491-29afaa3def76	HP2017-filtered-est	PT0.461S	PT0.17S	true	InductiveMiner	37	37	0.9428571428571428	1	12
b4b1962e-331b-4701-8e62-e4a1127c8faf	HP2017-filtered-est	PT2.755S	PT2.593S	true	HeuristicMiner	22	22	1.5909090909090908	4	12
376a0199-3c0e-4012-bf85-4c46cf274c23	HP2017-filtered-est	PT0.09S	PT0S	false	ESTMiner	8	8	NaN	0	15
76b4a9ff-498e-4bc1-b62f-4ce79ee76ae0	HP2017-filtered-est	PT0.442S	PT0.191S	true	InductiveMiner	37	37	0.9428571428571428	1	15
e36d88c7-b400-4d2a-8725-92529ac414c3	HP2017-filtered-est	PT2.96S	PT2.808S	true	HeuristicMiner	22	22	1.5909090909090908	4	15
5cb831fb-5318-4164-b927-b141cccb87ad	HP2017-filtered-est	PT0.091S	PT0S	false	ESTMiner	8	8	NaN	0	20
f68de36e-cc47-4d69-bf83-ede5ed41c2da	HP2017-filtered-est	PT0.571S	PT0.352S	true	InductiveMiner	35	35	0.9696969696969697	3	20
5a09553b-e0cd-4e6b-acc9-9542cc020cb5	HP2017-filtered-est	PT3.804S	PT3.652S	true	HeuristicMiner	22	22	1.5909090909090908	4	20
82669926-74ee-4244-a04f-53d41dc07e1a	HP2017-filtered-est	PT0.085S	PT0S	false	ESTMiner	8	8	NaN	0	5
1904aad9-404a-442a-b756-569c69d1c12e	HP2017-filtered-est	PT0.331S	PT0.093S	true	InductiveMiner	37	37	0.9428571428571428	1	5
5a58ccc6-bac2-4c71-9a21-538e167f8b89	HP2017-filtered-est	PT1.253S	PT1.102S	true	HeuristicMiner	22	22	1.5909090909090908	4	5
b2ddf95b-82e2-4f73-98fc-96507222e139	HP2017-filtered-est	PT0.087S	PT0S	false	ESTMiner	8	8	NaN	0	7
79f6cf6a-ed3f-472f-9ac6-eb03a8566b59	HP2017-filtered-est	PT0.372S	PT0.136S	true	InductiveMiner	37	37	0.9428571428571428	1	7
b29097b1-cbf9-4f4d-8987-6c84e529cc69	HP2017-filtered-est	PT2.193S	PT2.032S	true	HeuristicMiner	22	22	1.5909090909090908	4	7
1701e27d-5a70-4f83-aaca-173bb6872657	HP2017-filtered-est	PT0.104S	PT0S	false	ESTMiner	8	8	NaN	0	12
35a345cd-6c4e-46b7-a4d6-8b5ac3623a9a	HP2017-filtered-est	PT0.395S	PT0.157S	true	InductiveMiner	37	37	0.9428571428571428	1	12
49060fa0-cebe-4373-a027-5a77adb73977	HP2017-filtered-est	PT2.858S	PT2.711S	true	HeuristicMiner	22	22	1.5909090909090908	4	12
5d11d5be-2832-4e58-b009-20b35dbd15a1	HP2017-filtered-est	PT0.092S	PT0S	false	ESTMiner	8	8	NaN	0	15
ba0f8a30-cdbf-4ead-a5df-ad41a9a64817	HP2017-filtered-est	PT0.433S	PT0.197S	true	InductiveMiner	37	37	0.9428571428571428	1	15
2acdae9f-087b-45f2-ac19-b75dd9177844	HP2017-filtered-est	PT2.932S	PT2.782S	true	HeuristicMiner	22	22	1.5909090909090908	4	15
d1bfd7d2-f88d-48ef-8435-c940915990b4	HP2017-filtered-est	PT0.093S	PT0S	false	ESTMiner	8	8	NaN	0	20
554e32af-64f6-426b-97d7-8f2df48c2f87	HP2017-filtered-est	PT0.432S	PT0.203S	true	InductiveMiner	37	37	0.9428571428571428	1	20
f759dada-21ab-4366-82d0-71957d270896	HP2017-filtered-est	PT3.686S	PT3.543S	true	HeuristicMiner	22	22	1.5909090909090908	4	20
736f8c6a-08ee-4baa-9f68-a4978d9383d9	HP2017-filtered-est	PT0.084S	PT0S	false	ESTMiner	8	8	NaN	0	5
d76e1a6b-0528-48ac-b050-2184952802ab	HP2017-filtered-est	PT0.309S	PT0.078S	true	InductiveMiner	37	37	0.9428571428571428	1	5
572f16a8-7b01-457c-9cb1-568bddcb6dbd	HP2017-filtered-est	PT1.2S	PT1.056S	true	HeuristicMiner	22	22	1.5909090909090908	4	5
a6eb4f8b-a32f-47bc-af0c-b85927cbac16	HP2017-filtered-est	PT0.086S	PT0S	false	ESTMiner	8	8	NaN	0	7
e59b8fad-5cf8-4875-89bc-e4c431635fcf	HP2017-filtered-est	PT0.329S	PT0.099S	true	InductiveMiner	37	37	0.9428571428571428	1	7
9383ce41-8907-48e6-b5a9-d9c7496d40e2	HP2017-filtered-est	PT2.088S	PT1.914S	true	HeuristicMiner	22	22	1.5909090909090908	4	7
79a2c818-307c-498e-bcf7-1bb1194a03bf	HP2017-filtered-est	PT0.088S	PT0S	false	ESTMiner	8	8	NaN	0	12
43ae44d4-da31-45b7-85e4-d79352f7bdf8	HP2017-filtered-est	PT0.374S	PT0.148S	true	InductiveMiner	37	37	0.9428571428571428	1	12
12df4eb2-a17c-419f-88bf-cf8a02bab714	HP2017-filtered-est	PT2.635S	PT2.489S	true	HeuristicMiner	22	22	1.5909090909090908	4	12
27dd037d-95a6-4aae-86a2-694ecb6532ac	HP2017-filtered-est	PT0.089S	PT0S	false	ESTMiner	8	8	NaN	0	15
cb185491-552d-45af-a89d-ae7ba1cc3310	HP2017-filtered-est	PT0.408S	PT0.178S	true	InductiveMiner	37	37	0.9428571428571428	1	15
836f5dc4-7fdb-4303-ba49-d76b7eb84f76	HP2017-filtered-est	PT2.866S	PT2.716S	true	HeuristicMiner	22	22	1.5909090909090908	4	15
45ee758e-e499-40cc-9b54-d0f7a17f7391	HP2017-filtered-est	PT0.092S	PT0S	false	ESTMiner	8	8	NaN	0	20
d96767e4-d1ee-45a0-ae38-2b7994ec4c4a	HP2017-filtered-est	PT0.425S	PT0.201S	true	InductiveMiner	37	37	0.9428571428571428	1	20
66d81d8d-b60e-448a-a2b8-9c821986f3be	HP2017-filtered-est	PT3.707S	PT3.555S	true	HeuristicMiner	22	22	1.5909090909090908	4	20
d5db5a56-18ef-49c5-b7c1-3ba336522095	HP2017-filtered-est	PT0.085S	PT0S	false	ESTMiner	8	8	NaN	0	5
45bb4cae-baf1-4edf-b5df-013c865aed3f	HP2017-filtered-est	PT0.317S	PT0.112S	true	InductiveMiner	37	37	0.9428571428571428	3	5
52ef1904-f368-4080-92ba-72a72f6ca086	HP2017-filtered-est	PT1.211S	PT1.063S	true	HeuristicMiner	22	22	1.5909090909090908	4	5
e8be6812-a379-45ae-9eaf-ba66c3c77592	HP2017-filtered-est	PT0.087S	PT0S	false	ESTMiner	8	8	NaN	0	7
1d126881-0d9c-4740-a8df-ca8391d06dc7	HP2017-filtered-est	PT0.328S	PT0.099S	true	InductiveMiner	37	37	0.9428571428571428	1	7
1bfad114-8b24-4356-8171-1e34d5193261	HP2017-filtered-est	PT2.086S	PT1.924S	true	HeuristicMiner	22	22	1.5909090909090908	4	7
0e97759e-41b7-4d32-b923-84d2c5caae1d	HP2017-filtered-est	PT0.089S	PT0S	false	ESTMiner	8	8	NaN	0	12
30ea6b16-5b9e-4361-9920-1681695ee57f	HP2017-filtered-est	PT0.391S	PT0.149S	true	InductiveMiner	37	37	0.9428571428571428	1	12
fb9b65ff-0d75-4ecd-be56-73512be3a3cb	HP2017-filtered-est	PT2.699S	PT2.55S	true	HeuristicMiner	22	22	1.5909090909090908	4	12
3fffce31-b144-44fd-805b-5868107bde41	HP2017-filtered-est	PT0.09S	PT0S	false	ESTMiner	8	8	NaN	0	15
f91e5b0f-ae0a-4881-9dc4-63db74cd5d89	HP2017-filtered-est	PT0.411S	PT0.18S	true	InductiveMiner	37	37	0.9428571428571428	1	15
4027efde-b54e-487a-ae47-ac7c7e16d56c	HP2017-filtered-est	PT2.9S	PT2.754S	true	HeuristicMiner	22	22	1.5909090909090908	4	15
5395d608-fa0a-467d-a7e7-7c2da19719f3	HP2017-filtered-est	PT0.092S	PT0S	false	ESTMiner	8	8	NaN	0	20
7af5c293-f340-43c3-8ed1-a310ef010274	HP2017-filtered-est	PT0.451S	PT0.216S	true	InductiveMiner	37	37	0.9428571428571428	1	20
c3768608-7f1e-4c50-b336-ab9bc692831d	HP2017-filtered-est	PT3.878S	PT3.73S	true	HeuristicMiner	22	22	1.5909090909090908	4	20
ff43441c-e359-4b05-a810-220d4db8bc68	BPI Challenge 2012	PT13.15S	PT13.149S	false	ESTMiner	50	5301	2.4081632653061225	215	5
c602a34c-32d0-4a3c-a1ee-6bcba5473552	BPI Challenge 2012	PT8.348S	PT4.596S	true	InductiveMiner	50	56	1.1470588235294117	2	5
f6e9f264-c4c2-4b0c-9604-f4c1a2783777	BPI Challenge 2012	PT33.594S	PT32.33S	true	HeuristicMiner	46	46	1.4782608695652173	34	5
d17eacf3-d164-4312-9aae-48f683250742	BPI Challenge 2012	PT25.099S	PT25.099S	false	ESTMiner	50	8581	2.9166666666666665	417	7
1b35fa4f-dc60-40fe-ac2c-e4ede8eb5646	BPI Challenge 2012	PT7.958S	PT5.558S	true	InductiveMiner	50	56	1.2058823529411764	1	7
54a4b7b2-ccc7-4e68-9fe4-c6e1d2079a21	BPI Challenge 2012	PT1M6.339S	PT1M5.234S	true	HeuristicMiner	46	46	1.4782608695652173	38	7
c3b478cd-e879-442e-905b-06d659bb3ccc	BPI Challenge 2012	PT52.739S	PT52.739S	false	ESTMiner	50	8581	2.9166666666666665	2320	12
b998d687-9fff-49d9-8ad5-d998000e2ca2	BPI Challenge 2012	PT13.733S	PT11.198S	true	InductiveMiner	50	56	1.2058823529411764	5	12
a846998b-c42b-4ebb-b2cb-44df7555161a	BPI Challenge 2012	PT2M15.256S	PT2M13.864S	true	HeuristicMiner	46	46	1.4782608695652173	52	12
50aecbc8-a1fd-4180-9c9a-58c709084310	BPI Challenge 2012	PT1M0.397S	PT1M0.396S	false	ESTMiner	50	8581	2.9166666666666665	4435	15
6e35554c-3b65-415c-8aa7-fb38178c8690	BPI Challenge 2012	PT19.228S	PT16.303S	true	InductiveMiner	50	56	1.2058823529411764	9	15
0b78d215-daa4-4ccd-8365-9d77a1954569	BPI Challenge 2012	PT33.761S	PT32.41S	true	HeuristicMiner	46	46	1.4782608695652173	49	15
c03fae87-f92e-4693-a886-1621e4113e39	BPI Challenge 2012	PT3.89S	PT3.889S	false	ESTMiner	50	8581	2.9166666666666665	1309	20
16813a67-f191-485d-9f1e-dcb8c68500b0	BPI Challenge 2012	PT6.383S	PT3.711S	true	InductiveMiner	50	56	1.2352941176470589	15	20
68d3fad7-8daa-4ed8-85bc-a6256b92c733	BPI Challenge 2012	PT9.617S	PT8.445S	true	HeuristicMiner	46	46	1.4782608695652173	39	20
88b3360a-3402-403e-87d1-07032dab6475	BPI Challenge 2012	PT6.282S	PT6.281S	false	ESTMiner	100	5301	7.040404040404041	4042	5
f6d83fa2-600d-4210-a333-594942ac5c11	BPI Challenge 2012	PT4.85S	PT2.453S	true	InductiveMiner	56	56	1.2181818181818183	3	5
badb6ebc-e097-43d2-b2d6-1d2ab0569810	BPI Challenge 2012	PT4.714S	PT3.608S	true	HeuristicMiner	46	46	1.4782608695652173	29	5
550f3b94-57c2-4847-95e9-1ecf989695dd	BPI Challenge 2012	PT7.001S	PT7.001S	false	ESTMiner	100	8581	6.484536082474227	3188	7
8474f7e4-2b01-4834-950b-f806725da763	BPI Challenge 2012	PT7.507S	PT5.18S	true	InductiveMiner	56	56	1.2545454545454546	11	7
080a4aaf-64ab-4a70-9bac-ce999625b6cf	BPI Challenge 2012	PT1M5.419S	PT1M4.34S	true	HeuristicMiner	46	46	1.4782608695652173	38	7
09d9ffe0-f777-4d75-8deb-5b348efdbe08	BPI Challenge 2012	PT9M26.013S	PT9M26.013S	false	ESTMiner	100	8581	6.484536082474227	64115	12
7f81b340-7a24-4d29-b826-4986229caa3a	BPI Challenge 2012	PT20.374S	PT17.663S	true	InductiveMiner	56	56	1.2545454545454546	18	12
ff830334-d9a3-40c2-931f-c91a4e0f100e	BPI Challenge 2012	PT3M15.27S	PT3M13.925S	true	HeuristicMiner	46	46	1.4782608695652173	53	12
cd32b6b9-f07e-465a-8b95-8190a2775082	BPI Challenge 2012	PT10M7.331S	PT10M7.33S	false	ESTMiner	100	8581	6.484536082474227	122171	15
0516c441-3435-449f-9c4c-8fd3046ba212	BPI Challenge 2012	PT26.74S	PT24.342S	true	InductiveMiner	56	56	1.2545454545454546	22	15
f004fb66-1fa6-45f5-99bb-06ed01466d32	BPI Challenge 2012	PT4M54.742S	PT4M53.647S	true	HeuristicMiner	46	46	1.4782608695652173	53	15
435c112b-26da-4a3a-a28b-2c15da659c66	BPI Challenge 2012	PT10M10.187S	PT10M10.186S	false	ESTMiner	100	8581	6.484536082474227	148430	20
dbcab5ce-2973-40b0-8b08-33a3c7d4b7a6	BPI Challenge 2012	PT40.685S	PT38.103S	true	InductiveMiner	56	56	1.2545454545454546	25	20
68ac47bc-fb5d-4592-ab90-26f06989592f	BPI Challenge 2012	PT9M12.663S	PT9M11.576S	true	HeuristicMiner	46	46	1.4782608695652173	53	20
401e7af7-c5d0-4b3b-b194-d5eeddc01bd8	BPI Challenge 2012	PT11M0.815S	PT11M0.815S	false	ESTMiner	250	5301	20.244979919678716	231739	5
3fe9a795-f485-4ac4-ae0b-81bd420c1851	BPI Challenge 2012	PT8.7S	PT6.134S	true	InductiveMiner	56	56	1.2181818181818183	4	5
df99a566-61e4-45ef-ad42-e07c9aba2c8b	BPI Challenge 2012	PT33.503S	PT32.254S	true	HeuristicMiner	46	46	1.4782608695652173	34	5
e7f678e5-40b1-4618-9c08-46ece28a6fe6	BPI Challenge 2012	PT10M44.527S	PT10M44.527S	false	ESTMiner	250	8581	24.40080971659919	204304	7
9643c107-aa73-4c15-9fdb-1f989210fced	BPI Challenge 2012	PT12.197S	PT9.569S	true	InductiveMiner	56	56	1.2545454545454546	11	7
1da98114-489c-46ba-90f6-7f669afb95f4	BPI Challenge 2012	PT1M5.608S	PT1M4.351S	true	HeuristicMiner	46	46	1.4782608695652173	38	7
df283397-248d-4349-bbe3-c95ff16fcc04	BPI Challenge 2012	PT10M37.698S	PT10M37.697S	false	ESTMiner	250	8581	24.40080971659919	176103	12
890a541c-0041-4b6d-8ea0-f82a508c06c3	BPI Challenge 2012	PT21.118S	PT18.495S	true	InductiveMiner	56	56	1.2545454545454546	18	12
44a298f9-ab4e-4384-b6fc-739e2985cc74	BPI Challenge 2012	PT3M15.473S	PT3M14.26S	true	HeuristicMiner	46	46	1.4782608695652173	53	12
89d39695-ade7-4591-a1b6-2cb00df4c67c	BPI Challenge 2012	PT12M34.844S	PT0S	false	ESTMiner	250	8581	24.40080971659919	0	15
9bc8e96a-ac59-478f-8a06-9a37d906df16	choice-2-variants-7-activities	PT4.178S	PT4.177S	false	ESTMiner	50	117	13.325581395348838	8218	5
4220b816-28f5-4c41-a196-61d3eb0c9f4b	choice-2-variants-7-activities	PT0.199S	PT0.013S	true	InductiveMiner	11	11	1.0909090909090908	3	5
10f3c62b-8ad5-4ebc-aeb1-c9f07c770046	choice-2-variants-7-activities	PT0.124S	PT0.047S	true	HeuristicMiner	12	12	1.4166666666666667	17	5
d334af1f-3a6b-4eb3-8c4b-12dc8d036860	choice-2-variants-7-activities	PT9.964S	PT9.963S	false	ESTMiner	50	125	13.25	23983	7
a17d0a9f-009d-4cf4-abe5-6cd3c28c8cbc	choice-2-variants-7-activities	PT0.033S	PT0.012S	true	InductiveMiner	11	11	1.0909090909090908	6	7
b92f8fd1-2874-400e-8a35-90eb87d149be	choice-2-variants-7-activities	PT0.084S	PT0.066S	true	HeuristicMiner	12	12	1.4166666666666667	17	7
0e0a5439-00dd-4647-8897-4e61b76be91e	choice-2-variants-7-activities	PT7M14.538S	PT7M14.538S	false	ESTMiner	50	126	13.25	155357	12
a218af1d-1204-4e33-8eb2-22f3c6931b7c	choice-2-variants-7-activities	PT0.041S	PT0.024S	true	InductiveMiner	11	11	1.0909090909090908	40	12
bcd13017-9f65-4d13-a85d-27cfe47552d1	choice-2-variants-7-activities	PT0.53S	PT0.518S	true	HeuristicMiner	12	12	1.4166666666666667	23	12
5ed50005-502a-4503-9fe6-0a4d6510fe1a	choice-2-variants-7-activities	PT6M46.783S	PT6M46.783S	false	ESTMiner	50	126	13.25	136000	15
14909c1a-12d5-495d-8d43-76d299898846	choice-2-variants-7-activities	PT0.097S	PT0.076S	true	InductiveMiner	11	11	1.0909090909090908	44	15
a35ee50d-467e-4264-9de0-a6fc5514e121	choice-2-variants-7-activities	PT1.161S	PT1.142S	true	HeuristicMiner	12	12	1.4166666666666667	20	15
e34bfce8-c350-48e2-828c-d82155f9b9db	choice-2-variants-7-activities	PT10M28.447S	PT10M28.447S	false	ESTMiner	50	127	12.534883720930232	139883	20
84caeb6f-f390-42d4-a8fb-dd8223585ec6	choice-2-variants-7-activities	PT0.217S	PT0.188S	true	InductiveMiner	11	11	1.1818181818181819	55	20
d51d06af-2e2c-4b09-8c76-ab0a67759026	choice-2-variants-7-activities	PT1.755S	PT1.729S	true	HeuristicMiner	12	12	1.4166666666666667	21	20
b32bf009-16f5-4cf5-9d2d-2bca21ba04a9	choice-2-variants-7-activities	PT2M49.73S	PT2M49.73S	false	ESTMiner	100	117	24.0	93676	5
c01bb863-ea47-4c04-a856-ed0e0962cd1b	choice-2-variants-7-activities	PT0.036S	PT0.008S	true	InductiveMiner	11	11	1.0909090909090908	3	5
763798db-ac91-4b98-859e-a2be1c85d170	choice-2-variants-7-activities	PT0.066S	PT0.05S	true	HeuristicMiner	12	12	1.4166666666666667	17	5
2ce64091-adea-4acd-b4ff-d324bcf75514	choice-2-variants-7-activities	PT10M46.199S	PT10M46.198S	false	ESTMiner	100	125	23.9390243902439	203650	7
c026f03c-d713-4100-859c-7f60969b197b	choice-2-variants-7-activities	PT0.055S	PT0.024S	true	InductiveMiner	11	11	1.1818181818181819	7	7
36ad8dd2-1511-4add-83a4-0574cb6d33c2	choice-2-variants-7-activities	PT0.143S	PT0.102S	true	HeuristicMiner	12	12	1.4166666666666667	17	7
6673a321-f8fa-4148-9d2d-5954bc588216	choice-2-variants-7-activities	PT10M57.841S	PT10M57.841S	false	ESTMiner	100	126	23.814814814814813	197001	12
b9b7ee9a-b0c7-4d78-8779-7284eecbddb4	choice-2-variants-7-activities	PT0.039S	PT0.025S	true	InductiveMiner	11	11	1.0909090909090908	40	12
c705df37-0e9a-4fa5-ae15-4649fa50a529	choice-2-variants-7-activities	PT0.695S	PT0.675S	true	HeuristicMiner	12	12	1.4166666666666667	23	12
7b0beed4-92d9-454b-ab01-df5a021cdfda	choice-2-variants-7-activities	PT10M37.697S	PT10M37.697S	false	ESTMiner	100	126	23.814814814814813	174110	15
9498d78c-143f-4fd1-be36-d5744ded561b	choice-2-variants-7-activities	PT0.099S	PT0.074S	true	InductiveMiner	11	11	1.0909090909090908	44	15
aef164fa-acbb-4eeb-ab5a-d8df47cd918f	choice-2-variants-7-activities	PT1.054S	PT1.035S	true	HeuristicMiner	12	12	1.4166666666666667	20	15
7189f66a-4868-40ca-87c5-088d89027138	choice-2-variants-7-activities	PT10M29.509S	PT10M29.509S	false	ESTMiner	100	127	23.814814814814813	173063	20
8b07118d-32e8-4369-aa6d-d38cad1c0036	choice-2-variants-7-activities	PT0.122S	PT0.112S	true	InductiveMiner	11	11	1.0909090909090908	58	20
e289c3f2-5bc1-46fe-a532-c72024f6329d	choice-2-variants-7-activities	PT1.206S	PT1.194S	true	HeuristicMiner	12	12	1.4166666666666667	21	20
72ce4ee3-44f2-41f8-8e65-83a3ccb8e56f	choice-2-variants-7-activities	PT5M27.287S	PT5M27.287S	false	ESTMiner	117	117	27.303370786516854	147288	5
a0152198-3fdb-4c1f-af4e-b0aa01b8b024	choice-2-variants-7-activities	PT0.019S	PT0.006S	true	InductiveMiner	11	11	1.0909090909090908	3	5
e4bde6f7-d5d2-4fcf-9a2b-0181c979a8ec	choice-2-variants-7-activities	PT0.067S	PT0.044S	true	HeuristicMiner	12	12	1.4166666666666667	17	5
37b12199-c78d-4ed4-9bc7-22a97a453ae0	choice-2-variants-7-activities	PT11M15.411S	PT11M15.411S	false	ESTMiner	125	125	28.33684210526316	219915	7
bbdb726d-06a7-4f92-bba3-4e086309aac7	choice-2-variants-7-activities	PT0.031S	PT0.01S	true	InductiveMiner	11	11	1.0909090909090908	6	7
4c30611f-019f-44a9-8d0d-2129707feee8	choice-2-variants-7-activities	PT0.092S	PT0.076S	true	HeuristicMiner	12	12	1.4166666666666667	17	7
c58ac749-200b-4844-bd25-82b5f87df8fe	choice-2-variants-7-activities	PT11M31.04S	PT11M31.039S	false	ESTMiner	126	126	28.33684210526316	203429	12
bc722abf-c207-4496-bdf7-10b99ad1e980	choice-2-variants-7-activities	PT0.036S	PT0.024S	true	InductiveMiner	11	11	1.0909090909090908	40	12
f708d06f-23c0-4785-9035-0c454374564f	choice-2-variants-7-activities	PT0.647S	PT0.636S	true	HeuristicMiner	12	12	1.4166666666666667	23	12
944a3faf-2743-44b6-819a-eedd03b56498	choice-2-variants-7-activities	PT14M26.418S	PT0S	false	ESTMiner	126	126	28.33684210526316	0	15
c17fa4ad-5cba-496c-848a-e01bb41a1ef4	BPI Challenge 2019	PT7.61S	PT7.607S	false	ESTMiner	9	9	1.0	40	5
45d03509-4e7b-41f3-93d9-d239e62dd6df	sequence3	PT0.376S	PT0S	true	ESTMiner	0	0	NaN	0	7
979a7b4d-6713-44eb-80b9-47d96edac8f9	sequence3	PT0.45S	PT0.217S	true	ESTMiner	0	0	NaN	0	7
332ded59-7818-4ce7-9787-c11b87830ad0	sequence3	PT0.254S	PT0.05S	true	InductiveMiner	2	2	0.5	0	7
1ed5a82f-30f1-4f66-9e69-ae00aa33fb4c	sequence3	PT0.097S	PT0.033S	true	InductiveMiner	2	2	0.5	0	7
7aff5a15-2a92-41d8-b9fc-b64d7a81a6ba	sequence3	PT0.085S	PT0.035S	true	InductiveMiner	2	2	0.5	0	7
db4fec76-e6de-4eaf-b2f9-33a6d34db01c	sequence3	PT4M11.628S	PT3M55.765S	true	InductiveMiner	2	2	0.5	0	7
165b1a5a-eb19-4070-86df-ff3435952cae	sequence3	PT15M6.259S	PT15M6.173S	true	InductiveMiner	2	2	0.5	0	5
d5f99706-399f-42b7-b5a8-d8e28580b22a	sequence3	PT0.407S	PT0.159S	true	InductiveMiner	2	2	0.5	0	7
493add12-a6c9-4837-94c2-e22b86d2352b	sequence3	PT0.362S	PT0.164S	true	InductiveMiner	2	2	0.5	1	7
09674362-f942-4231-9f02-aaabad54d805	sequence4	PT0.127S	PT0.05S	true	InductiveMiner	3	3	0.6666666666666666	3	7
84d8504a-d32c-4694-b8b7-8654be6897a6	ArtificialBig-est	PT30.58S	PT30.577S	false	ESTMiner	50	4794	7.52	27031	5
731d9f32-5d37-4d19-9396-65bb06c4cc86	ArtificialBig-est	PT1.223S	PT0.925S	true	InductiveMiner	12	12	1.25	19	5
8779aa88-c725-4b6b-bf46-bb107a38c89d	ArtificialBig-est	PT2.694S	PT2.447S	true	HeuristicMiner	24	24	1.2083333333333333	37	5
78b4ba67-3430-4f71-b5c6-2aec7de14069	ArtificialBig-est	PT2M39.048S	PT2M39.047S	false	ESTMiner	50	4795	7.52	46434	7
4ad8cc9a-db2d-48d4-8052-1a962e44bebd	ArtificialBig-est	PT1.044S	PT0.99S	true	InductiveMiner	12	12	1.25	21	7
02feaa11-ad47-4fff-b2e1-c62c1ed41a43	ArtificialBig-est	PT2.851S	PT2.785S	true	HeuristicMiner	24	24	1.2083333333333333	39	7
75722131-1bc1-4426-84c3-82b1a83f05f9	ArtificialBig-est	PT15M37.802S	PT0S	false	ESTMiner	50	4795	7.52	0	12
2edda24d-ed0a-44f0-90c5-24161ce3ac14	dependencyXOR2	PT50.489S	PT50.17S	true	ESTMiner	50	111	7.804878048780488	100	7
e236908c-af98-4aab-ac9b-bddb725f0795	BPI Challenge 2012 (filtered on event attributes)	PT1M42.659S	PT4.983S	true	ESTMiner	50	3201	4.851063829787234	100	7
b6453893-5d42-4bae-95bd-1240fecb5ebc	Output log	PT7.447S	PT7.446S	false	ESTMiner	50	3201	6.0	100	7
f40158db-bc1b-4e01-b386-4a5512201f7e	Output log	PT4M54.405S	PT4M54.404S	false	ESTMiner	50	279	10.89795918367347	100	7
9eb47303-229f-4ede-8aad-ffdffcef7270	Output log	PT4M27.952S	PT4M27.952S	false	ESTMiner	50	279	10.89795918367347	100	7
96c11685-d628-428f-8815-43d5504dd2c6	Output log	PT10M10.579S	PT10M10.579S	false	ESTMiner	70	160	14.333333333333334	100	7
b16960b1-80ea-4223-8515-fadb6557cec9	Output log	PT1.905S	PT1.905S	false	ESTMiner	50	288	6.955555555555556	100	7
bf2eca42-6710-430e-9f23-8fb79f6c2166	Output log	PT4M28.988S	PT4M28.988S	false	ESTMiner	100	288	22.83695652173913	100	7
61f593f1-1c5b-4bc0-96a6-ac20c4f52fbb	Output log	PT10.976S	PT10.135S	true	ESTMiner	47	47	4.113636363636363	100	7
f41d1ce6-9377-4a28-b8db-876d83d8906d	Output log	PT11.206S	PT10.608S	true	ESTMiner	47	47	4.113636363636363	100	7
3c0c6e43-c4b3-4271-bb4a-1789476c8592	BPI Challenge 2012 (filtered on event attributes)	PT1M1.815S	PT1M1.813S	false	ESTMiner	50	1839	9.5	100	7
5e309850-fd12-4f7e-a78e-2adfa5fdb678	BPI Challenge 2012 (filtered on event attributes)	PT1M8.227S	PT1M8.227S	false	ESTMiner	50	1839	9.5	100	7
038fad41-d383-4a08-a952-11a611b17424	BPI Challenge 2012 (filtered on event attributes)	PT45.808S	PT45.808S	false	ESTMiner	50	1839	9.5	100	7
6c63ef39-d5fb-4758-bd02-e7d02dff70d2	BPI Challenge 2012 (filtered on event attributes)	PT10M18.497S	PT10M18.496S	false	ESTMiner	70	1839	14.107692307692307	100	7
c4c75829-a7d3-482f-87da-61f12e8b57cf	Output log	PT0.989S	PT0.989S	false	ESTMiner	50	3201	4.085106382978723	100	7
06521c0f-9a1d-4015-bd87-e813ce3d9b9e	Output log	PT20.705S	PT20.705S	false	ESTMiner	50	3201	4.085106382978723	100	7
30b64333-318c-4020-befb-66eda2283399	Output log	PT10M7.529S	PT10M7.529S	false	ESTMiner	50	3201	4.085106382978723	100	7
abc1c4ed-7bfe-444a-9293-3738ecc02d26	Output log	PT13M37.246S	PT13M37.245S	false	ESTMiner	50	3201	4.085106382978723	84	7
e61a41b7-aa02-41e7-9973-e3301a2bde74	Output log	PT8.587S	PT8.586S	false	ESTMiner	0	0	NaN	0	7
6ddc091a-6805-417d-98d1-ea4e5f25f830	Output log	PT0.757S	PT0S	false	ESTMiner	50	3201	4.085106382978723	0	7
2562d0a0-aa51-49eb-aac6-c865a034e2ca	Output log	PT2M23.805S	PT0S	false	ESTMiner	50	3201	4.085106382978723	0	7
7913a7a0-e9ce-405a-a7e4-390cd935a77c	Output log	PT26M8.07S	PT26M8.069S	false	ESTMiner	50	3201	4.085106382978723	7	7
31d0f60e-c846-4138-9eac-0c400f0306f0	Output log	PT35.61S	PT35.61S	false	ESTMiner	50	3201	4.085106382978723	100	7
d4ef3572-ebb1-48b0-8267-0cfab76b483e	Output log	PT4M43.019S	PT4M43.018S	false	ESTMiner	100	3201	11.956989247311828	100	7
f0042467-a1b2-4add-9b6c-9315792dd6d1	BPI Challenge 2012 (filtered on event attributes)	PT8.791S	PT8.791S	false	ESTMiner	50	1839	9.5	100	7
96ffa2d4-8bfe-419d-82fc-c8d711e815fb	BPI Challenge 2012 (filtered on event attributes)	PT8.116S	PT8.116S	false	ESTMiner	50	1839	9.5	100	7
56ba9672-3128-45fd-9d9f-f5fe1c5f1659	BPI Challenge 2012 (filtered on event attributes)	PT11M24.063S	PT11M24.063S	false	ESTMiner	100	1839	20.053763440860216	100	7
1392f407-0563-439a-bb83-688562dc89b9	BPI Challenge 2012 (filtered on event attributes)	PT8.422S	PT8.422S	false	ESTMiner	50	1839	9.5	100	7
0e0ade0f-0327-40c7-bbe5-f5269015f632	Anonymous log imported from HP2017_filtered.xes	PT0.241S	PT0.241S	false	ESTMiner	8	8	NaN	0	7
76e60638-9202-4ae8-86b2-3dd75037c1bf	BPI Challenge 2012 (filtered on event attributes)	PT10.678S	PT10.677S	false	ESTMiner	50	1839	9.5	100	7181	7
fc1db53f-d87f-4a76-8fb4-b976f3f678be	BPI Challenge 2012 (filtered on event attributes)	PT6.392S	PT6.392S	false	ESTMiner	50	1839	9.5	100	4361	7
084ec0c1-943c-4d5e-9c4c-8b173fc9c707	BPI Challenge 2012 (filtered on event attributes)	PT3.197S	PT3.197S	false	ESTMiner	50	1839	9.5	100	896	7
9552a5d4-7c34-4761-af72-63dad614ad75	BPI Challenge 2012 (filtered on event attributes)	PT2.861S	PT2.86S	false	ESTMiner	50	1839	9.5	100	695	7
4a333e63-71fd-45df-8837-76f3fff22b45	BPI Challenge 2012 (filtered on event attributes)	PT3.013S	PT3.009S	false	ESTMiner	50	1839	9.5	100	172	7
503f929f-566d-475e-be0a-283e16417904	BPI Challenge 2012 (filtered on event attributes)	PT2.778S	PT2.777S	false	ESTMiner	50	1839	9.5	100	172	7
08ecfa15-199a-4ae8-9a65-28d03ccb26f6	BPI Challenge 2012 (filtered on event attributes)	PT1.341S	PT1.341S	false	ESTMiner	50	1839	9.5	100	172	7
9dbde6bd-1ce5-4b83-a96d-3f9f1facbc35	BPI Challenge 2012 (filtered on event attributes)	PT42.025S	PT42.024S	false	ESTMiner	100	1839	20.053763440860216	100	1085	7
abc3caa3-f67f-4f5a-a22c-c0ce4529e496	BPI Challenge 2012 (filtered on event attributes)	PT0.307S	PT0.307S	false	ESTMiner	0	0	NaN	0	0	7
7e0dd165-9c79-4542-bf0a-b0d9478a24fe	BPI Challenge 2012 (filtered on event attributes)	PT4.374S	PT4.373S	false	ESTMiner	50	1839	9.5	61	61	7
5738a5e4-5064-42b4-baf1-86edd934ffbf	BPI Challenge 2012 (filtered on event attributes)	PT3M57.651S	PT3M57.651S	false	ESTMiner	50	1839	9.5	61	61	7
f36a0428-5734-4331-b6f5-73d24a355da2	BPI Challenge 2012 (filtered on event attributes)	PT0.294S	PT0.293S	false	ESTMiner	0	0	NaN	0	0	7
e6fc9ac5-cd5c-48ab-b71e-6c1442f2fa95	BPI Challenge 2012 (filtered on event attributes)	PT4.466S	PT4.466S	false	ESTMiner	50	1839	9.5	100	172	7
06300480-805d-4bbc-b1c2-9c6b9a056fa3	BPI Challenge 2012 (filtered on event attributes)	PT4.555S	PT4.555S	false	ESTMiner	50	1839	9.5	100	172	7
5c2f7010-ba7d-4530-81fc-1a98776e0f07	BPI Challenge 2012 (filtered on event attributes)	PT1M59.506S	PT1M59.505S	false	ESTMiner	50	1839	9.5	100	172	7
ea0db2a7-72d2-4e5c-bde1-9f43014cdd5a	BPI Challenge 2012 (filtered on event attributes)	PT4M50.567S	PT4M50.567S	false	ESTMiner	50	1839	9.5	100	172	7
72167525-39a0-4c28-aa59-9df692668159	BPI Challenge 2012 (filtered on event attributes)	PT4.429S	PT4.428S	false	ESTMiner	50	1839	9.5	60	60	7
6e4f8ec4-dc5b-44f1-b385-375020ab1873	BPI Challenge 2012 (filtered on event attributes)	PT5.515S	PT5.514S	false	ESTMiner	50	1839	9.5	100	344	7
fe6ba173-6bfc-4072-bb8c-8e0c591a126e	BPI Challenge 2012 (filtered on event attributes)	PT5.227S	PT5.226S	false	ESTMiner	50	1839	9.5	100	306	7
7cfe7373-3ff7-48b3-8a05-4597df162945	Output log	PT0.639S	PT0.639S	false	ESTMiner	50	3201	4.085106382978723	100	541	7
fde9039f-1894-459e-b711-ee2929d8ba89	Output log	PT43.956S	PT43.956S	false	ESTMiner	100	3201	11.956989247311828	100	6757	7
0497c544-84d5-4f03-a25c-6c06b82204ca	Output log	PT2M11.247S	PT2M11.247S	false	ESTMiner	200	3201	17.672316384180792	100	6577	7
a516e186-cb4e-47f8-bfe5-7cb232dab127	Output log	PT10M1.435S	PT10M1.435S	false	ESTMiner	100	560	14.27659574468085	100	11229	15
0a0d9ed4-e150-43ab-9b72-b1f9e172c2ad	Output log	PT2M18.342S	PT2M18.342S	false	ESTMiner	100	551	14.621052631578948	100	8940	10
37a190c1-7e0b-46d8-a1f6-3cdf13795ae2	RTFMP-est	PT6.926S	PT6.925S	false	ESTMiner	50	843	1.6363636363636365	477	477	5
2fcbeea7-12c3-441c-8e0a-16a0672e5041	RTFMP-est	PT15.786S	PT15.785S	false	ESTMiner	50	843	1.6363636363636365	2600	2600	7
57e42cc8-fe6a-4411-b415-5467ae4df525	RTFMP-est	PT1M14.851S	PT1M14.851S	false	ESTMiner	50	843	1.6363636363636365	5065	5065	12
78ede021-765a-4cdb-9e67-e688609eba7e	RTFMP-est	PT42.701S	PT42.701S	false	ESTMiner	75	843	3.8615384615384616	862	862	5
c65a6353-dbc2-43d0-b6c9-42b3943151a4	RTFMP-est	PT5M31.265S	PT5M31.265S	false	ESTMiner	75	843	3.8615384615384616	4977	4977	7
02c2b830-bab1-492a-bcbb-27a63a5e3017	RTFMP-est	PT10M1.329S	PT10M1.329S	false	ESTMiner	75	843	3.8615384615384616	6940	6940	12
5b5a1844-fbd7-4ba6-88ca-d4b0cf8c29b9	RTFMP-est	PT3M34.115S	PT3M34.114S	false	ESTMiner	100	843	4.535714285714286	875	875	5
086f4a46-d61d-4237-a017-5a76b06e01e6	RTFMP-est	PT10M1.305S	PT10M1.305S	false	ESTMiner	100	843	4.619047619047619	1628	1628	7
7c50d1ff-83be-4006-8f1a-74dc21c7f549	RTFMP-est	PT10M1.351S	PT10M1.35S	false	ESTMiner	100	843	4.619047619047619	1887	1887	12
aeecb460-1cf0-409c-a1cb-7be624502fe8	RTFMP-est	PT10M7.732S	PT10M7.731S	false	ESTMiner	150	843	4.894736842105263	236	236	5
ff1364d9-86bc-4b83-a311-dd9d15e86940	RTFMP-est	PT10M2.854S	PT10M2.854S	false	ESTMiner	150	843	4.894736842105263	497	497	7
41aea741-87af-4588-a612-602dda7b2b90	RTFMP-est	PT10M10.839S	PT10M10.839S	false	ESTMiner	150	843	4.894736842105263	473	473	12
ba44335d-f768-44c4-b700-646524f1612a	RTFMP-est	PT10M6.097S	PT10M6.097S	false	ESTMiner	200	843	6.987341772151899	224	224	5
1fef34e2-266f-4ca2-8d2e-b9b77835fe19	RTFMP-est	PT10M4.176S	PT10M4.175S	false	ESTMiner	200	843	6.987341772151899	481	481	7
11ad3fab-32fa-4d2a-8430-e9836a7803a4	RTFMP-est	PT10M3.599S	PT10M3.598S	false	ESTMiner	200	843	6.987341772151899	472	472	12
a781f605-c6f5-4a3b-ba9f-9dcaa9396d0c	BPI Challenge 2012	PT17.088S	PT17.088S	false	ESTMiner	50	5301	2.5306122448979593	52	52	5
c3ec42d8-53b8-4a91-86c3-f2ab46302551	BPI Challenge 2012	PT6.268S	PT6.268S	false	ESTMiner	50	8581	2.217391304347826	131	131	7
59cd07e2-a67a-47b6-8f3f-fe2eea4ae434	BPI Challenge 2012	PT26.386S	PT26.386S	false	ESTMiner	50	8581	2.130434782608696	959	959	12
c35322d8-6835-4594-b473-faabff748b84	BPI Challenge 2012	PT17.104S	PT17.103S	false	ESTMiner	75	5301	3.0405405405405403	52	52	5
92b41f4c-002a-4e5d-8a6a-9009f48755b5	BPI Challenge 2012	PT29.196S	PT29.196S	false	ESTMiner	75	8581	3.684931506849315	1086	1086	7
4a27e806-bdbf-4548-bf59-30414bc85452	BPI Challenge 2012	PT9M16.109S	PT9M16.109S	false	ESTMiner	75	8581	3.5616438356164384	13571	13571	12
5df030de-675a-4853-a277-ea471b0d6b8a	BPI Challenge 2012	PT16.749S	PT16.748S	false	ESTMiner	100	5301	3.303030303030303	52	52	5
5c354c71-3156-4565-8743-96274ad35da7	BPI Challenge 2012	PT31.676S	PT31.676S	false	ESTMiner	100	8581	3.9693877551020407	2505	2505	7
7a48a376-ca23-4039-9372-18d98ec71401	BPI Challenge 2012	PT10M2.039S	PT10M2.038S	false	ESTMiner	100	8581	4.214285714285714	42333	42333	12
ad1cb7a4-39da-4f64-8a34-a698e1508688	BPI Challenge 2012	PT5M31.501S	PT5M31.5S	false	ESTMiner	150	5301	7.926174496644295	871	871	5
372840d7-5870-4db5-b8b9-00dc97f1fe1f	BPI Challenge 2012	PT50.69S	PT50.69S	false	ESTMiner	150	8581	7.527027027027027	6112	6112	7
06dc4a63-34da-4947-86b5-ae4a198985fa	BPI Challenge 2012	PT10M10.359S	PT10M10.359S	false	ESTMiner	150	8581	7.824324324324325	95001	95001	12
61d7b27b-000d-40ed-8659-044f8103dcb8	BPI Challenge 2012	PT5M41.932S	PT5M41.931S	false	ESTMiner	200	5301	9.628140703517587	871	871	5
fdf1736b-c2d1-4a63-81a1-cbff46e0469a	BPI Challenge 2012	PT10M1.457S	PT10M1.457S	false	ESTMiner	200	8581	17.9746192893401	15560	15560	7
a852370f-5bc4-46eb-9a93-483c00b267e7	BPI Challenge 2012	PT10M6.536S	PT10M6.536S	false	ESTMiner	200	8581	17.9746192893401	44484	44484	12
228dddc3-417a-4fd5-a3a2-b19879102d8e	choice-2-variants-7-activities	PT0.304S	PT0.304S	false	ESTMiner	50	117	13.857142857142858	0	0	5
2078a7ab-7386-490b-9a95-558d071a8f59	choice-2-variants-7-activities	PT1.843S	PT1.842S	false	ESTMiner	50	125	13.357142857142858	0	0	7
ef5257be-fd44-4863-a96b-10381bfac214	choice-2-variants-7-activities	PT10.276S	PT10.276S	false	ESTMiner	50	126	12.707317073170731	4	4	12
126c2a59-d782-4665-bb03-29b80e36547e	choice-2-variants-7-activities	PT1.246S	PT1.246S	false	ESTMiner	75	117	20.0	0	0	5
e65d3563-d519-400f-b60f-d3edb90f8d4d	choice-2-variants-7-activities	PT6.912S	PT6.911S	false	ESTMiner	75	125	18.508196721311474	0	0	7
b201b154-a33f-4f2c-8a5d-239971cdc314	choice-2-variants-7-activities	PT38.022S	PT38.022S	false	ESTMiner	75	126	18.35	8	8	12
d0f73a03-f341-416a-9009-dec0524e52bc	choice-2-variants-7-activities	PT2.137S	PT2.137S	false	ESTMiner	100	117	24.39240506329114	0	0	5
00364cf2-9eb6-4f6b-9408-4a00197b3d07	choice-2-variants-7-activities	PT15.961S	PT15.961S	false	ESTMiner	100	125	23.89873417721519	0	0	7
285c2758-4d92-4563-be66-a23bda5b5708	choice-2-variants-7-activities	PT1M35.458S	PT1M35.458S	false	ESTMiner	100	126	23.89873417721519	8	8	12
5ea702fc-ef6f-494a-be85-89ad6a5c7266	choice-2-variants-7-activities	PT2.779S	PT2.779S	false	ESTMiner	117	117	27.303370786516854	0	0	5
c5fb7a80-3572-4905-9048-f5c57ceed7a3	choice-2-variants-7-activities	PT25.407S	PT25.405S	false	ESTMiner	125	125	28.33684210526316	0	0	7
7f3bc9cb-d4d0-4688-917d-848011688f7f	choice-2-variants-7-activities	PT2M37.217S	PT2M37.217S	false	ESTMiner	126	126	28.33684210526316	1	1	12
1af90d2c-9f7e-4c1b-9f5a-fb0c1410d331	choice-2-variants-7-activities	PT2.819S	PT2.819S	false	ESTMiner	117	117	27.303370786516854	0	0	5
4371dd19-349f-4170-b97f-553f2ecb3d9f	choice-2-variants-7-activities	PT24.892S	PT24.892S	false	ESTMiner	125	125	28.33684210526316	0	0	7
05fbdd23-38da-4c6c-9678-502966cf9ef8	choice-2-variants-7-activities	PT2M37.072S	PT2M37.071S	false	ESTMiner	126	126	28.33684210526316	11	11	12
4873576c-d558-4657-811d-8c4749c8c9da	BPI Challenge 2019	PT5.553S	PT5.552S	false	ESTMiner	9	9	1.0	18	18	5
6974e9f9-b906-40a9-b20a-b380f97a4a90	BPI Challenge 2019	PT11.543S	PT11.541S	false	ESTMiner	9	9	1.0	18	18	5
248c21f1-38c7-4ff3-8803-75bd7af15809	ArtificialBig-est	PT8.148S	PT8.141S	false	ESTMiner	50	4794	6.48	30	30	5
2d53f7a8-b73b-4328-9657-f3af2d7aa64d	ArtificialBig-est	PT49.672S	PT49.672S	false	ESTMiner	50	4795	6.18	786	786	7
80905151-85d7-4dc1-8daf-1a7f9096b5ae	ArtificialBig-est	PT3M29.631S	PT3M29.631S	false	ESTMiner	50	4795	6.18	935	935	12
abe5c332-9b31-4afd-b3df-818ef92a8d73	ArtificialBig-est	PT1M7.62S	PT1M7.62S	false	ESTMiner	75	4794	13.013333333333334	1288	1288	5
d50f4fa0-d819-4978-a8f9-b871132347de	ArtificialBig-est	PT4M57.936S	PT4M57.936S	false	ESTMiner	75	4795	13.186666666666667	3042	3042	7
16ae0582-576e-4dce-bb60-ee59a9e8f5ee	Output log	PT1.339S	PT1.339S	false	ESTMiner	50	335	11.65	0	0	7
4b09910a-334a-45b8-9acc-b7cb90a6c851	Output log	PT1.717S	PT1.717S	false	ESTMiner	100	335	23.03529411764706	0	0	7
0b981b6e-4a7b-4a9f-a848-76a09ebcbc4c	Output log	PT2.122S	PT2.12S	false	ESTMiner	100	350	21.632183908045977	8	8	12
16cfd4c4-2a83-48dd-9bec-2f743d1e05a6	Output log	PT0.681S	PT0.681S	false	ESTMiner	50	335	11.65	0	0	7
21f1932a-dda7-492f-b1e2-892cad84a260	Output log	PT0.945S	PT0.945S	false	ESTMiner	100	335	23.03529411764706	0	0	7
dd4004c9-1bc6-4a94-9f3b-e17f379e63ec	Output log	PT2.372S	PT2.372S	false	ESTMiner	150	335	38.1875	0	0	7
c6b2137a-969f-4b81-88d1-e959fbf3e622	Output log	PT12.444S	PT12.444S	false	ESTMiner	335	335	90.4808362369338	0	0	7
7a0de2ca-cf59-4fb3-b2a3-634c3d065376	Output log	PT0.319S	PT0.319S	false	ESTMiner	50	335	11.65	0	0	7
2cfac8a5-69c6-4eae-8568-1439881be119	Output log	PT1.642S	PT1.642S	false	ESTMiner	50	3201	4.085106382978723	100	541	7
6391b865-1332-4bc0-85ae-7419cbffbfbd	Output log	PT8.595S	PT8.594S	false	ESTMiner	50	3201	4.085106382978723	100	6282	12
e0452c3d-5ef3-4fba-99fa-495476fea217	Output log	PT34.84S	PT34.84S	false	ESTMiner	50	509	6.020408163265306	100	14042	12
7ff32281-74c5-4627-b46f-852b452be5d7	Output log	PT10M1.707S	PT10M1.705S	false	ESTMiner	100	310	19.361702127659573	100	15225	12
878e0765-9c7f-4f36-897a-417feb15542a	Output log	PT5.892S	PT0.901S	true	ESTMiner	50	362	4.659574468085107	100	410	7
609c8023-0b78-499a-9c1a-234d88f14495	Output log	PT2.089S	PT2.089S	false	ESTMiner	50	3201	4.085106382978723	100	541	7
428464d7-52e3-4caf-8333-7c89bfafe58b	Output log	PT49.79S	PT49.789S	false	ESTMiner	100	3201	11.956989247311828	100	6747	7
f26d8910-c908-43fd-8388-f6cfdbb4327a	Output log	PT38.297S	PT38.297S	false	ESTMiner	100	483	15.74736842105263	100	4245	7
3d90eed9-2798-4371-9809-e62a996614c1	Output log	PT6.253S	PT6.252S	false	ESTMiner	50	500	5.36734693877551	100	3447	10
6855990e-720b-45de-95e6-b12ccdf32ed0	Choice	PT0.452S	PT0.319S	true	ESTMiner	12	12	1.75	0	0	7
d2c53113-9605-47ea-b3cf-232a3759de87	Choice	PT0.361S	PT0.26S	true	ESTMiner	12	12	1.75	31	31	7
8d331ba5-f4bc-47e0-9e2e-db8fcdff6e10	Concurrency	PT1.003S	PT0.97S	true	ESTMiner	30	30	6.1923076923076925	100	381	7
3dcf31cc-9008-4527-9fdd-a2a211866b02	Self-Loop	PT0.097S	PT0.074S	true	ESTMiner	12	12	2.0	20	20	7
7ae0fe1c-229a-4c03-8590-b45f3b4c4508	Sequence	PT0.231S	PT0.209S	true	ESTMiner	25	25	4.238095238095238	100	216	7
683ead75-00f7-4a60-9948-bf9aaf2583ad	Choice	PT0.226S	PT0S	true	ESTMiner	12	12	1.75	0	null	7
7603cdee-18a2-43ae-9d9d-78aa334d9717	Choice	PT0.333S	PT0.249S	true	ESTMiner	12	12	1.75	31	31	7
db84fe77-de30-49b9-bf8d-79f3e70628c5	Concurrency	PT1.203S	PT1.165S	true	ESTMiner	30	30	6.1923076923076925	100	387	7
fa7fc0a9-5978-4e0c-9c5d-c4a8bb918cb8	Self-Loop	PT0.459S	PT0.069S	true	ESTMiner	12	12	2.0	20	20	7
0a58da73-fa0d-4b19-b815-5ea0c4b5bcd1	choice-2-variants-7-activities	PT1.918S	PT1.915S	false	ESTMiner	50	117	13.857142857142858	0	0	5
3f9ac667-93ce-46f2-9e52-a57c7b49665b	choice-2-variants-7-activities	PT3.242S	PT3.235S	false	ESTMiner	50	125	13.357142857142858	18	18	7
350ba6f6-a765-42b0-88b4-ba3e345f1aeb	choice-2-variants-7-activities	PT10.592S	PT10.591S	false	ESTMiner	50	126	12.707317073170731	193	193	12
fbb43095-753d-4255-be8c-ccb1a220a1cd	choice-2-variants-7-activities	PT1.269S	PT1.269S	false	ESTMiner	75	117	20.0	0	0	5
792a0f28-ed02-4bda-b538-7bfab9da4c35	choice-2-variants-7-activities	PT6.835S	PT6.835S	false	ESTMiner	75	125	18.508196721311474	61	61	7
3517b2d7-2976-43c2-bbe3-f08cad27527a	choice-2-variants-7-activities	PT37.42S	PT37.42S	false	ESTMiner	75	126	18.35	803	803	12
b87dfeb0-f09e-4db1-8c25-b6b027d0886b	choice-2-variants-7-activities	PT2.147S	PT2.147S	false	ESTMiner	100	117	24.39240506329114	0	0	5
b79120b2-f3f8-4020-a5c4-5609f9a68413	choice-2-variants-7-activities	PT15.831S	PT15.831S	false	ESTMiner	100	125	23.89873417721519	195	195	7
41288d35-919d-4e37-87a2-fdda41d51678	choice-2-variants-7-activities	PT1M38.073S	PT1M38.072S	false	ESTMiner	100	126	23.89873417721519	1038	1038	12
cc242774-edc1-4b3b-9391-cbbe871db4f4	choice-2-variants-7-activities	PT3.558S	PT3.558S	false	ESTMiner	117	117	27.303370786516854	0	0	5
a0c2d1b9-5fca-45b5-a076-522ad94df9a8	choice-2-variants-7-activities	PT27.855S	PT27.854S	false	ESTMiner	125	125	28.33684210526316	174	174	7
c0a3eca4-5e69-4990-894d-35684d40987b	choice-2-variants-7-activities	PT2M39.959S	PT2M39.959S	false	ESTMiner	126	126	28.33684210526316	1757	1757	12
64eaca18-926d-453e-9515-975b81caa093	choice-2-variants-7-activities	PT2.778S	PT2.778S	false	ESTMiner	117	117	27.303370786516854	0	0	5
ea3136a6-23f4-463e-818d-716a46acb7b2	choice-2-variants-7-activities	PT25.026S	PT25.026S	false	ESTMiner	125	125	28.33684210526316	90	90	7
b298fb1c-fb2c-49b0-9f0e-26beda8505c1	choice-2-variants-7-activities	PT2.024S	PT2.019S	false	ESTMiner	50	117	13.857142857142858	0	0	5
b2fdedb0-6d9a-4345-b2a5-c13f4eb74a09	choice-2-variants-7-activities	PT3.25S	PT3.25S	false	ESTMiner	50	125	13.357142857142858	9	9	7
7dea6f53-3458-420f-914e-59bec0783334	choice-2-variants-7-activities	PT10.225S	PT10.224S	false	ESTMiner	50	126	12.707317073170731	241	241	12
be45bc0c-f2d5-40bc-813e-86b7fa3c2ccd	choice-2-variants-7-activities	PT1.261S	PT1.26S	false	ESTMiner	75	117	20.0	0	0	5
ad52481c-3579-436f-89af-110c7dfcc64d	choice-2-variants-7-activities	PT8.053S	PT8.053S	false	ESTMiner	75	125	18.508196721311474	66	66	7
e241c3fa-1d68-470a-852b-2e9943899d57	choice-2-variants-7-activities	PT39.851S	PT39.851S	false	ESTMiner	75	126	18.35	703	703	12
b2e22890-c09b-49d9-b82c-efbdd08301aa	choice-2-variants-7-activities	PT2.127S	PT2.127S	false	ESTMiner	100	117	24.39240506329114	0	0	5
081e3f05-0020-49df-8adf-232c77e9c3df	choice-2-variants-7-activities	PT15.398S	PT15.398S	false	ESTMiner	100	125	23.89873417721519	175	175	7
fb87d771-655c-4654-8222-cd3801c6206c	choice-2-variants-7-activities	PT1M37.13S	PT1M37.129S	false	ESTMiner	100	126	23.89873417721519	1110	1110	12
871fd44d-a727-46f4-886d-87eab5c76978	choice-2-variants-7-activities	PT3.829S	PT3.829S	false	ESTMiner	117	117	27.303370786516854	0	0	5
b9973e64-1bc1-46d5-90d0-b5c12b8a0978	choice-2-variants-7-activities	PT24.431S	PT24.431S	false	ESTMiner	125	125	28.33684210526316	128	128	7
af376031-392d-491c-bf25-593e09caa5b7	choice-2-variants-7-activities	PT2M34.321S	PT2M34.321S	false	ESTMiner	126	126	28.33684210526316	1581	1581	12
d1e90d77-ac96-4f9c-8e84-bc7c94305d1a	choice-2-variants-7-activities	PT2.831S	PT2.831S	false	ESTMiner	117	117	27.303370786516854	0	0	5
f4506d02-c7e4-4d66-b989-7751a03aee05	choice-2-variants-7-activities	PT25.901S	PT25.901S	false	ESTMiner	125	125	28.33684210526316	140	140	7
cbace795-a36c-4bbc-8345-5f55efc1e411	choice-2-variants-7-activities	PT1.968S	PT1.966S	false	ESTMiner	50	117	13.857142857142858	312	312	5
3dd9b033-ce2d-4c37-bcd3-db6dd5fc1cdb	choice-2-variants-7-activities	PT3.894S	PT3.893S	false	ESTMiner	50	125	13.357142857142858	493	493	7
01b2eeeb-182c-482f-9db0-438211e9bd7c	choice-2-variants-7-activities	PT10.352S	PT10.352S	false	ESTMiner	50	126	12.707317073170731	691	691	12
c55bf842-c09c-4e83-8eac-345ef23d796c	choice-2-variants-7-activities	PT1.465S	PT1.465S	false	ESTMiner	75	117	20.0	701	701	5
f3302c31-b967-41e7-a64e-322adf1ea018	choice-2-variants-7-activities	PT6.835S	PT6.834S	false	ESTMiner	75	125	18.508196721311474	989	989	7
ee49e233-f1fe-4ec3-a64a-33b45cef9d5f	choice-2-variants-7-activities	PT37.051S	PT37.051S	false	ESTMiner	75	126	18.35	1709	1709	12
f7cdeafe-103c-41df-8d94-d003634f18cd	choice-2-variants-7-activities	PT2.226S	PT2.226S	false	ESTMiner	100	117	24.39240506329114	997	997	5
d589ddb6-79aa-47ac-a8b3-8e7969d7ae50	choice-2-variants-7-activities	PT15.56S	PT15.56S	false	ESTMiner	100	125	23.89873417721519	1567	1567	7
710e137a-4c61-4250-9661-11030d6c0829	choice-2-variants-7-activities	PT1M41.878S	PT1M41.878S	false	ESTMiner	100	126	23.89873417721519	2921	2921	12
de84ed4b-ac63-4e83-a3e2-098a19c25ead	choice-2-variants-7-activities	PT2.864S	PT2.864S	false	ESTMiner	117	117	27.303370786516854	1120	1120	5
9b738ed2-8a03-4247-a8b0-79a676d85ec7	choice-2-variants-7-activities	PT24.587S	PT24.587S	false	ESTMiner	125	125	28.33684210526316	2040	2040	7
2e11741a-9a55-4c5a-9f36-86a9509cbaf8	choice-2-variants-7-activities	PT2M47.895S	PT2M47.895S	false	ESTMiner	126	126	28.33684210526316	3711	3711	12
ff7951c8-5f43-40a0-a095-0532da692a8c	choice-2-variants-7-activities	PT2.954S	PT2.953S	false	ESTMiner	117	117	27.303370786516854	1086	1086	5
bd0275a1-da5e-482b-b05e-88d3ba5a357e	choice-2-variants-7-activities	PT27.277S	PT27.277S	false	ESTMiner	125	125	28.33684210526316	2049	2049	7
4575f993-819e-49da-bad7-75ac5d3b7577	choice-2-variants-7-activities	PT2M49.356S	PT2M49.356S	false	ESTMiner	126	126	28.33684210526316	3796	3796	12
4baaf0c0-4583-45b7-90ba-f8ff708875c2	choice-2-variants-7-activities	PT7.806S	PT7.805S	false	ESTMiner	117	117	27.303370786516854	1076	1076	5
19ed6257-dbb5-4b6e-9420-6713eccd88a7	choice-2-variants-7-activities	PT26.561S	PT26.561S	false	ESTMiner	125	125	28.33684210526316	2072	2072	7
bfa1cc62-2e0e-423e-9fd6-075d3213f5c0	choice-2-variants-7-activities	PT2M34.424S	PT2M34.424S	false	ESTMiner	126	126	28.33684210526316	3535	3535	12
6a2a64e4-8f84-4554-99b2-e5bb04fd6143	RTFMP-est	PT8.744S	PT8.74S	false	ESTMiner	50	843	1.6363636363636365	2384	2384	5
05a38c98-1c91-41f3-bc74-72a7751c7d19	RTFMP-est	PT16.422S	PT16.422S	false	ESTMiner	50	843	1.6363636363636365	8989	8989	7
3eb4e884-9191-411e-9eb1-ad521d18e1c0	RTFMP-est	PT1M26.43S	PT1M26.43S	false	ESTMiner	50	843	1.6363636363636365	12710	12710	12
f8601d04-7ff9-48e0-9bda-b350ba3e6d9a	RTFMP-est	PT53.509S	PT53.508S	false	ESTMiner	75	843	3.8615384615384616	25415	25415	5
3b1211ce-38f8-4d2c-ac0d-43ecc4d6419f	RTFMP-est	PT7M34.956S	PT7M34.956S	false	ESTMiner	75	843	3.8615384615384616	90792	90792	7
1f80e742-c4c8-4fe6-87b7-60f29af4e24a	RTFMP-est	PT10M9.015S	PT10M9.014S	false	ESTMiner	75	843	3.8615384615384616	106809	106809	12
8633c3d6-0128-428c-ae57-6fde6d70b8c5	RTFMP-est	PT4M1.598S	PT4M1.598S	false	ESTMiner	100	843	4.535714285714286	64490	64490	5
56fd0686-e193-4e9f-82f2-1d7e266a156b	RTFMP-est	PT10M8.668S	PT10M8.666S	false	ESTMiner	100	843	4.619047619047619	104640	104640	7
7cf9d931-5c55-48a3-bb81-f4e0678ec93c	RTFMP-est	PT10M13.834S	PT10M13.833S	false	ESTMiner	100	843	4.619047619047619	94535	94535	12
eacec41b-55ca-4cd3-8157-b769fcd9e23a	RTFMP-est	PT10M7.479S	PT10M7.479S	false	ESTMiner	150	843	4.894736842105263	77544	77544	5
64ae0fc6-8b3b-425b-8cd4-45d0c581e932	RTFMP-est	PT10M8.61S	PT10M8.61S	false	ESTMiner	150	843	4.894736842105263	73363	73363	7
a611f00f-0834-4d5a-999b-ea65a0f95547	RTFMP-est	PT8M18.026S	PT8M18.026S	false	ESTMiner	150	843	4.894736842105263	0	0	12
47a05821-6367-424e-8524-acaf71df6405	RTFMP-est	PT10M8.408S	PT10M8.408S	false	ESTMiner	200	843	6.987341772151899	47260	47260	5
fcff188d-0e73-4d6d-ad31-88ec60428c39	RTFMP-est	PT10M8.806S	PT10M8.805S	false	ESTMiner	200	843	6.987341772151899	55401	55401	7
491f11d0-d702-4b51-9848-34377160bede	BPI Challenge 2012	PT23.464S	PT23.463S	false	ESTMiner	50	5301	2.5306122448979593	116	116	5
bdbd5eb0-1ae4-41d1-8b0b-1a370deeb515	BPI Challenge 2012	PT7.471S	PT7.471S	false	ESTMiner	50	8581	2.217391304347826	245	245	7
c65ec374-8d54-46ec-ba49-d24f88ec5737	BPI Challenge 2012	PT32.45S	PT32.45S	false	ESTMiner	50	8581	2.130434782608696	1171	1171	12
b64136a7-fb7d-487e-92b7-1f811c507cc4	BPI Challenge 2012	PT22.03S	PT22.03S	false	ESTMiner	75	5301	3.0405405405405403	149	149	5
349401ea-d346-464b-b29a-6c6610214b63	BPI Challenge 2012	PT38.39S	PT38.389S	false	ESTMiner	75	8581	3.684931506849315	1954	1954	7
27d8fde3-fada-446e-93e1-b5a824e34356	BPI Challenge 2012	PT10M0.347S	PT10M0.346S	false	ESTMiner	75	8581	3.5616438356164384	14101	14101	12
53b8455f-0d11-4d0f-8f15-fd707374356b	BPI Challenge 2012	PT25.764S	PT25.764S	false	ESTMiner	100	5301	3.303030303030303	225	225	5
42218c4b-ca68-44db-9d7b-4af3dbfc91b5	BPI Challenge 2012	PT46.356S	PT46.356S	false	ESTMiner	100	8581	3.9693877551020407	4823	4823	7
ea2b7769-3e63-41ce-9230-1c6d6ec5ff41	BPI Challenge 2012	PT10M2.094S	PT10M2.094S	false	ESTMiner	100	8581	4.214285714285714	48161	48161	12
bb982432-5fc8-48ab-9448-c7fac5481fcd	BPI Challenge 2012	PT7M7.68S	PT7M7.68S	false	ESTMiner	150	5301	7.926174496644295	1946	1946	5
6887d81c-8a02-4911-9140-86938bdc4e9b	BPI Challenge 2012	PT1M18.508S	PT1M18.508S	false	ESTMiner	150	8581	7.527027027027027	14065	14065	7
e1e0ed6a-87e7-4300-a7f1-faceb26a3985	BPI Challenge 2012	PT10M14.207S	PT10M14.207S	false	ESTMiner	150	8581	7.824324324324325	126456	126456	12
9f8e608c-b75b-4ef8-bfc1-77dcacea6d26	BPI Challenge 2012	PT7M56.603S	PT7M56.603S	false	ESTMiner	200	5301	9.628140703517587	2202	2202	5
6047c905-4afb-49a7-ac21-eb68f3606106	BPI Challenge 2012	PT11M39.263S	PT11M39.263S	false	ESTMiner	200	8581	17.9746192893401	109026	109026	7
e0b9b339-c2ef-42a1-ae6b-ab547b3feda5	RTFMP-est	PT7.138S	PT7.137S	false	ESTMiner	50	843	1.6363636363636365	2402	2402	5
5ea5e371-6a5c-4f22-bc6f-8631788fc6de	RTFMP-est	PT13.029S	PT2.138S	true	InductiveMiner	28	28	1.125	25	25	5
e0c672dc-0879-479a-a7a1-6e92b8e272de	RTFMP-est	PT12.519S	PT2.102S	true	InductiveMiner	28	28	1.125	27	27	5
a79feb0b-9e78-4207-905f-af1856121ed7	RTFMP-est	PT42.657S	PT29.38S	true	InductiveMiner	28	28	1.125	0	0	5
f344f94d-ab9b-484b-97ca-69297ee41ac9	RTFMP-est	PT5M14.858S	PT5M3.759S	true	InductiveMiner	28	28	1.125	36	36	5
ea986fd8-3fa1-45c5-a308-ae52cc48b3f8	RTFMP-est	PT46.435S	PT34.093S	true	InductiveMiner	24	24	1.3181818181818181	43	43	5
8c91ff95-c082-497b-8930-c26ac0e9907f	RTFMP-est	PT22.072S	PT11.373S	true	InductiveMiner	28	28	1.1538461538461537	99	99	5
c8adef9a-24d5-4ada-ab8f-4451c1e4caea	RTFMP-est	PT13.695S	PT2.551S	true	InductiveMiner	28	28	1.1538461538461537	99	99	5
4cc4a638-5f06-45b0-934e-ade7b4566c29	RTFMP-est	PT9.26S	PT3.704S	true	HeuristicMiner	24	24	1.5	96	96	5
e6bc46d1-9741-4359-bedc-5d12fc495c7a	RTFMP-est	PT9.217S	PT2.236S	true	InductiveMiner	28	28	1.125	52	52	7
327b6d0c-a30c-43e5-b407-44499a22b11c	RTFMP-est	PT9.107S	PT5.3S	true	HeuristicMiner	24	24	1.5	135	135	7
756e6410-9408-42a1-a182-f26f237957a2	RTFMP-est	PT9.608S	PT3.097S	true	InductiveMiner	28	28	1.125	54	54	12
3eab71fa-8643-4023-bb96-c3222553aefe	RTFMP-est	PT40.341S	PT35.894S	true	HeuristicMiner	24	24	1.5	218	218	12
08845507-3d24-46da-a6df-d90d58ed8250	RTFMP-est	PT6.527S	PT1.344S	true	InductiveMiner	28	28	1.125	36	36	5
c9ae13b9-1c59-400c-9260-6476aff5cfab	RTFMP-est	PT7.853S	PT2.811S	true	HeuristicMiner	24	24	1.5	96	96	5
3cd49514-b01b-4292-9c54-231e9ebdaf75	RTFMP-est	PT7.246S	PT1.564S	true	InductiveMiner	28	28	1.125	52	52	7
3ded9f44-c334-4959-b287-dc4b8525338f	RTFMP-est	PT9.059S	PT5.032S	true	HeuristicMiner	24	24	1.5	136	136	7
9e37d77d-4c10-4d51-bd76-65d2edbc73a4	RTFMP-est	PT9.489S	PT2.989S	true	InductiveMiner	28	28	1.125	54	54	12
6a9f35dc-16b8-4f2e-90a1-0886a448c432	RTFMP-est	PT37.681S	PT34.297S	true	HeuristicMiner	24	24	1.5	203	203	12
ceef893b-827e-46e5-829c-b5108e13770b	RTFMP-est	PT7.067S	PT1.398S	true	InductiveMiner	28	28	1.125	36	36	5
0541dd28-5c0f-4ee9-bc74-920da474990c	RTFMP-est	PT7.756S	PT2.895S	true	HeuristicMiner	24	24	1.5	96	96	5
fb83e151-a6b8-4667-b8c3-09d381e7817e	RTFMP-est	PT6.412S	PT1.507S	true	InductiveMiner	28	28	1.125	52	52	7
effbe555-92d3-44c3-aea4-4b62261b6d6b	RTFMP-est	PT9.444S	PT5.166S	true	HeuristicMiner	24	24	1.5	136	136	7
198df69d-ddaf-4a65-9e49-464f22fb7731	RTFMP-est	PT12.763S	PT2.878S	true	InductiveMiner	28	28	1.125	54	54	12
16c2c53d-96e3-4d90-bee7-325d03708ce9	RTFMP-est	PT38.447S	PT34.608S	true	HeuristicMiner	24	24	1.5	203	203	12
d2ede706-9f01-40ca-b53e-069250e377b6	HP2017-filtered-est	PT0.343S	PT0.089S	true	InductiveMiner	37	37	0.9428571428571428	3	3	5
f0a6aa29-ec21-4da0-ac99-729de8a3baba	HP2017-filtered-est	PT1.35S	PT1.192S	true	HeuristicMiner	22	22	1.5909090909090908	102	102	5
34df1bea-46a4-4c16-9faf-c93debbbe766	HP2017-filtered-est	PT0.413S	PT0.12S	true	InductiveMiner	37	37	0.9428571428571428	3	3	7
870830f2-e89d-4aa3-9483-21354931eead	HP2017-filtered-est	PT3.824S	PT3.66S	true	HeuristicMiner	22	22	1.5909090909090908	143	143	7
ee2cd0f0-253d-4a60-a0f5-bab675c72c90	HP2017-filtered-est	PT0.662S	PT0.264S	true	InductiveMiner	37	37	0.9428571428571428	3	3	12
dcc5b776-2787-4dfb-b859-29c3c8b74ecd	HP2017-filtered-est	PT21.071S	PT20.92S	true	HeuristicMiner	22	22	1.5909090909090908	159	159	12
84fb242b-700f-4bb8-89f1-b11538e8a9fc	HP2017-filtered-est	PT0.389S	PT0.154S	true	InductiveMiner	37	37	0.9428571428571428	6	6	5
691727da-3356-4256-9fb3-16d2e708e244	HP2017-filtered-est	PT1.296S	PT1.145S	true	HeuristicMiner	22	22	1.5909090909090908	102	102	5
8bce66bf-b99b-4724-8695-7c02ffe9fd47	HP2017-filtered-est	PT0.342S	PT0.107S	true	InductiveMiner	37	37	0.9428571428571428	3	3	7
4919f010-27ff-4971-8caa-a9f420dcddab	HP2017-filtered-est	PT3.76S	PT3.61S	true	HeuristicMiner	22	22	1.5909090909090908	137	137	7
4a5258f6-4e6f-4a47-8a04-ab2355050512	HP2017-filtered-est	PT0.433S	PT0.196S	true	InductiveMiner	37	37	0.9428571428571428	3	3	12
28acee8b-78d6-43ef-87d2-9619c670e8a5	HP2017-filtered-est	PT20.871S	PT20.722S	true	HeuristicMiner	22	22	1.5909090909090908	147	147	12
973ce231-06d1-4774-915f-af0a818d4232	HP2017-filtered-est	PT0.374S	PT0.165S	true	InductiveMiner	38	38	0.9393939393939394	6	6	5
117aaecc-d5b2-4ea0-aafc-fb49a22c2ffa	HP2017-filtered-est	PT1.297S	PT1.148S	true	HeuristicMiner	22	22	1.5909090909090908	105	105	5
972e89ca-a001-4985-9a90-8635c8994f12	HP2017-filtered-est	PT0.344S	PT0.112S	true	InductiveMiner	37	37	0.9428571428571428	3	3	7
38308ef3-d122-4573-9f9d-b27368eded3e	HP2017-filtered-est	PT3.738S	PT3.588S	true	HeuristicMiner	22	22	1.5909090909090908	144	144	7
b10a39aa-bbde-4974-bc95-16e5df43fb1f	HP2017-filtered-est	PT0.426S	PT0.195S	true	InductiveMiner	37	37	0.9428571428571428	3	3	12
aef3628b-e124-43a3-a6dc-333fa30db2b0	HP2017-filtered-est	PT20.619S	PT20.47S	true	HeuristicMiner	22	22	1.5909090909090908	167	167	12
5e4d30e5-fa5f-4e3c-9156-94e409e0e62c	BPI Challenge 2012	PT7.655S	PT3.878S	true	InductiveMiner	50	58	1.0555555555555556	10	10	5
a3e02162-c803-4a01-9bb8-490916542017	BPI Challenge 2012	PT49.284S	PT47.896S	true	HeuristicMiner	46	46	1.4782608695652173	112	112	5
5d93e204-70c3-44cd-998a-3bf5691df48a	BPI Challenge 2012	PT11.871S	PT9.088S	true	InductiveMiner	50	56	1.2352941176470589	19	19	7
c66ee901-3c10-4335-95c6-59f48879ed95	BPI Challenge 2012	PT2M57.556S	PT2M56.232S	true	HeuristicMiner	46	46	1.4782608695652173	188	188	7
c11a22fc-f219-4363-8b73-a637cf6f8d22	BPI Challenge 2012	PT15.617S	PT12.565S	true	InductiveMiner	50	58	1.0833333333333333	16	16	12
7c429934-cfa4-4cf2-9802-41e1e9257cda	BPI Challenge 2012	PT10M1.314S	PT10M0.016S	true	HeuristicMiner	46	46	1.4782608695652173	481	481	12
bd8d038f-10ff-4f41-a76f-c666adc72ac5	BPI Challenge 2012	PT9.938S	PT6.961S	true	InductiveMiner	56	56	1.2181818181818183	23	23	5
038e5da0-ad65-407f-9d97-83d84592fe87	BPI Challenge 2012	PT48.807S	PT47.357S	true	HeuristicMiner	46	46	1.4782608695652173	112	112	5
fbd54937-04a6-452f-8f48-0505fc4ddef0	BPI Challenge 2012	PT15.335S	PT12.348S	true	InductiveMiner	57	57	1.196078431372549	30	30	7
a1eb9c12-7262-4128-80de-79f5614aabf1	BPI Challenge 2012	PT2M57.045S	PT2M55.637S	true	HeuristicMiner	46	46	1.4782608695652173	188	188	7
4251a70c-bf35-407e-8b03-ae32cf7383ce	BPI Challenge 2012	PT44.656S	PT41.523S	true	InductiveMiner	56	56	1.2545454545454546	72	72	12
780dd590-0239-4911-908d-df69c2b911df	BPI Challenge 2012	PT10M1.312S	PT10M0.014S	true	HeuristicMiner	46	46	1.4782608695652173	477	477	12
a736264c-d057-4529-aa88-d161471666dc	BPI Challenge 2012	PT9.989S	PT7.055S	true	InductiveMiner	56	56	1.2181818181818183	23	23	5
5b007c97-2ecc-4d5a-b56a-955a89753b93	BPI Challenge 2012	PT48.753S	PT47.467S	true	HeuristicMiner	46	46	1.4782608695652173	112	112	5
dd3829d7-291d-4e71-a83a-c1f229023c62	BPI Challenge 2012	PT15.696S	PT12.81S	true	InductiveMiner	56	56	1.2545454545454546	33	33	7
f5e2dc02-44e5-41e8-8e10-9130e42ddbe2	BPI Challenge 2012	PT2M57.862S	PT2M56.558S	true	HeuristicMiner	46	46	1.4782608695652173	188	188	7
27a98204-7a3e-49ec-8117-be90fad7f16b	BPI Challenge 2012	PT44.351S	PT41.355S	true	InductiveMiner	56	56	1.2545454545454546	72	72	12
a2820905-5e96-46dc-adca-4a929cc4ed71	BPI Challenge 2012	PT10M1.318S	PT10M0.02S	true	HeuristicMiner	46	46	1.4782608695652173	477	477	12
82d67486-976a-448e-b087-3e26f0d293c7	choice-2-variants-7-activities	PT0.011S	PT0.006S	true	InductiveMiner	11	11	1.0909090909090908	9	9	5
9234b4fb-8711-4f3f-82c8-b1383b13ab48	choice-2-variants-7-activities	PT0.031S	PT0.027S	true	HeuristicMiner	12	12	1.4166666666666667	40	40	5
203bba37-fddf-450c-8fec-837d62213bd0	choice-2-variants-7-activities	PT0.011S	PT0.007S	true	InductiveMiner	11	11	1.0909090909090908	15	15	7
22eda992-a1ef-4f9d-a9f2-3fb85291819e	choice-2-variants-7-activities	PT0.084S	PT0.08S	true	HeuristicMiner	12	12	1.4166666666666667	56	56	7
c17df96f-6ee8-4f25-bd28-a51fa6e1f9b3	choice-2-variants-7-activities	PT0.021S	PT0.017S	true	InductiveMiner	11	11	1.0909090909090908	20	20	12
69b8d554-f545-423e-8323-5652ff10d0df	choice-2-variants-7-activities	PT0.5S	PT0.496S	true	HeuristicMiner	12	12	1.4166666666666667	105	105	12
58477d99-9384-4f9a-89e8-34c09240978f	choice-2-variants-7-activities	PT0.008S	PT0.004S	true	InductiveMiner	11	11	1.0909090909090908	9	9	5
be79715f-e7d4-491d-92dc-8cfddbd2432b	choice-2-variants-7-activities	PT0.031S	PT0.027S	true	HeuristicMiner	12	12	1.4166666666666667	40	40	5
a1d8eba0-d177-4832-99b5-88d368d7a36c	choice-2-variants-7-activities	PT0.016S	PT0.012S	true	InductiveMiner	11	11	1.0909090909090908	15	15	7
24aaaba7-5b05-4ae5-bc9a-2fd7239e6a0b	choice-2-variants-7-activities	PT0.081S	PT0.076S	true	HeuristicMiner	12	12	1.4166666666666667	56	56	7
128be2a0-1a4d-439b-b7db-5f2eb2ebd5f9	choice-2-variants-7-activities	PT0.02S	PT0.017S	true	InductiveMiner	11	11	1.0909090909090908	20	20	12
03294276-7d02-4399-806b-70e56ec8d866	choice-2-variants-7-activities	PT0.496S	PT0.492S	true	HeuristicMiner	12	12	1.4166666666666667	105	105	12
ff991882-389c-4e95-b710-f530f6f515b3	choice-2-variants-7-activities	PT0.009S	PT0.005S	true	InductiveMiner	11	11	1.0909090909090908	9	9	5
9ad44982-403a-4605-9ca5-b2963d9c19e8	choice-2-variants-7-activities	PT0.03S	PT0.027S	true	HeuristicMiner	12	12	1.4166666666666667	40	40	5
e99c2cca-3136-466c-b7fc-83778f2b7de3	choice-2-variants-7-activities	PT0.011S	PT0.007S	true	InductiveMiner	11	11	1.0909090909090908	15	15	7
1585f3fc-984d-4f8f-911d-aae06882aad4	choice-2-variants-7-activities	PT0.083S	PT0.08S	true	HeuristicMiner	12	12	1.4166666666666667	56	56	7
de421092-872a-4f4f-bbe7-4d76aab52e43	choice-2-variants-7-activities	PT0.022S	PT0.018S	true	InductiveMiner	11	11	1.0909090909090908	20	20	12
159f24f0-26a7-4ad9-ac6f-43eb16c46836	choice-2-variants-7-activities	PT0.484S	PT0.481S	true	HeuristicMiner	12	12	1.4166666666666667	106	106	12
c0c029c4-9d32-4203-a52b-d1e9a39b960b	BPI Challenge 2019	PT49.433S	PT5.235S	true	InductiveMiner	50	103	0.8	0	0	5
dd28b824-5efd-4896-b16c-a1ae53267711	BPI Challenge 2019	PT54.162S	PT6.54S	true	InductiveMiner	50	103	0.6571428571428571	0	0	5
707104af-4e13-4076-940c-c66e14c94cd7	ArtificialBig-est	PT2.122S	PT1.725S	true	InductiveMiner	12	12	1.25	31	31	5
0d9b5fae-2dd2-4867-997e-60f3bfb83885	ArtificialBig-est	PT1.476S	PT1.309S	true	HeuristicMiner	24	24	1.2083333333333333	115	115	5
ce0438ad-cdf6-4ccc-bfc2-45ffd9297c45	ArtificialBig-est	PT1.647S	PT1.585S	true	InductiveMiner	12	12	1.25	46	46	7
b7bca027-c6cb-4935-8a67-33016e1fd550	ArtificialBig-est	PT2.641S	PT2.588S	true	HeuristicMiner	24	24	1.2083333333333333	269	269	7
195e4682-210a-4d17-8e30-aa2d6470f629	ArtificialBig-est	PT2.942S	PT2.894S	true	InductiveMiner	12	12	1.25	52	52	12
687d7e6f-e2e5-4596-97d5-50de0f1e9ac7	ArtificialBig-est	PT16.651S	PT16.617S	true	HeuristicMiner	24	24	1.2083333333333333	599	599	12
b8c4ead0-3d7c-43c0-b90f-a2967eb35287	ArtificialBig-est	PT0.494S	PT0.454S	true	InductiveMiner	12	12	1.25	31	31	5
a69858fc-555b-423d-b964-c8203e6578db	ArtificialBig-est	PT0.957S	PT0.919S	true	HeuristicMiner	24	24	1.2083333333333333	115	115	5
5e2f9381-1002-4c2f-9825-6c67f8ee0d0f	ArtificialBig-est	PT0.84S	PT0.808S	true	InductiveMiner	12	12	1.25	46	46	7
599fc115-9bb9-425d-bf82-aeab13371af1	ArtificialBig-est	PT2.222S	PT2.19S	true	HeuristicMiner	24	24	1.2083333333333333	269	269	7
1a543bd4-c198-444e-aac6-8be0013d309c	ArtificialBig-est	PT2.868S	PT2.843S	true	InductiveMiner	12	12	1.25	52	52	12
83eecd41-0842-43f1-9abd-a18692eac9e1	ArtificialBig-est	PT16.671S	PT16.645S	true	HeuristicMiner	24	24	1.2083333333333333	599	599	12
f03ebbaa-bea7-4a3c-9884-2adf9e8a329b	ArtificialBig-est	PT0.419S	PT0.398S	true	InductiveMiner	12	12	1.25	31	31	5
f36588d7-3abd-418e-aaf4-0a117dccecc3	ArtificialBig-est	PT0.802S	PT0.784S	true	HeuristicMiner	24	24	1.2083333333333333	115	115	5
d433717c-53d9-4ccd-9fe6-1f4f02a7fe96	ArtificialBig-est	PT0.879S	PT0.864S	true	InductiveMiner	12	12	1.25	46	46	7
84bd8875-bd47-4a96-82ef-366a8cb474e0	ArtificialBig-est	PT3.449S	PT3.423S	true	HeuristicMiner	24	24	1.2083333333333333	269	269	7
581bb0b4-d0c9-4b4f-8c29-f162fe2a4c17	ArtificialBig-est	PT2.885S	PT2.867S	true	InductiveMiner	12	12	1.25	52	52	12
5eda83a4-7a59-4901-a35a-ce49f5f1e8ef	ArtificialBig-est	PT19.012S	PT18.995S	true	HeuristicMiner	24	24	1.2083333333333333	599	599	12
d289afc8-2b3d-4504-9769-cd52850218f3	BPI Challenge 2019	PT25.487S	PT7.424S	true	HeuristicMiner	50	84	0.7894736842105263	9	9	5
5ac4c315-d361-4c57-9504-6407623bf859	BPI Challenge 2019	PT24.779S	PT9.433S	true	HeuristicMiner	50	84	0.7894736842105263	9	9	7
3458a9b5-d28e-4394-a469-a36454daf9f4	BPI Challenge 2019	PT28.131S	PT11.507S	true	HeuristicMiner	50	84	0.782608695652174	10	10	12
bdd2e545-d5d7-4549-8f93-3748e326009b	BPI Challenge 2019	PT53.836S	PT25.565S	true	HeuristicMiner	75	84	1.1014492753623188	75	75	5
2df15beb-1608-4984-9fef-59258b569942	BPI Challenge 2019	PT40.831S	PT24.469S	true	HeuristicMiner	75	84	1.1014492753623188	92	92	7
34d1662a-4a41-4ceb-a39b-80a1ebf8363b	BPI Challenge 2019	PT1M29.136S	PT1M9.864S	true	HeuristicMiner	75	84	1.1014492753623188	112	112	12
34e044c0-5774-419c-afb8-e9274b53ab8d	BPI Challenge 2019	PT1M4.849S	PT40.974S	true	HeuristicMiner	84	84	1.7023809523809523	361	361	5
88f208cf-4dee-46e7-b7df-6bd5ab4ecbd1	BPI Challenge 2019	PT1M39.558S	PT1M22.88S	true	HeuristicMiner	84	84	1.7023809523809523	555	555	7
4877ba0b-f40d-45e3-8f21-fbfb9183aae7	BPI Challenge 2019	PT6M1.874S	PT5M39.522S	true	HeuristicMiner	84	84	1.7023809523809523	1056	1056	12
5382042c-74cb-472c-8d83-78cb2f6ec671	RTFMP-est	PT35.228S	PT24.429S	true	HeuristicMiner	24	24	1.5	198	198	10
2fc79e8b-ce3a-473f-af17-2feee975e3f7	RTFMP-est	PT33.595S	PT24.58S	true	HeuristicMiner	24	24	1.5	190	190	10
793b56e6-1c0c-4e39-b7ee-381d9a1f0d67	RTFMP-est	PT27.941S	PT20.807S	true	HeuristicMiner	24	24	1.5	191	191	10
d96424ea-25e8-4f47-801c-9e8969d7f93a	HP2017-filtered-est	PT19.199S	PT18.941S	true	HeuristicMiner	22	22	1.5909090909090908	156	156	10
9b43f703-7ed2-43f7-90c0-d98a123e354b	HP2017-filtered-est	PT13.761S	PT13.575S	true	HeuristicMiner	22	22	1.5909090909090908	148	148	10
38cc7630-04b4-494b-8c59-2b3465b62770	HP2017-filtered-est	PT14.664S	PT14.491S	true	HeuristicMiner	22	22	1.5909090909090908	155	155	10
0a26ab7f-2adc-4ac3-a654-b0eb78b164f6	BPI Challenge 2012	PT10M1.312S	PT10M0.015S	true	HeuristicMiner	46	46	1.4782608695652173	355	355	10
6168d42e-a6ff-4f1f-ba13-00c14f10ff9a	BPI Challenge 2012	PT10M1.485S	PT10M0.012S	true	HeuristicMiner	46	46	1.4782608695652173	366	366	10
8c06c9c1-96be-4c80-999c-e04b18452a0e	BPI Challenge 2012	PT10M1.597S	PT10M0.016S	true	HeuristicMiner	46	46	1.4782608695652173	358	358	10
f46ab800-6719-47ca-bd1b-6b31a96369c3	choice-2-variants-7-activities	PT0.317S	PT0.312S	true	HeuristicMiner	12	12	1.4166666666666667	86	86	10
1dc11354-b187-4da0-a466-ffc0c0af0fdd	choice-2-variants-7-activities	PT0.321S	PT0.316S	true	HeuristicMiner	12	12	1.4166666666666667	86	86	10
5b8af0c9-f00f-4df4-b5e4-7acf5fa74853	choice-2-variants-7-activities	PT0.307S	PT0.302S	true	HeuristicMiner	12	12	1.4166666666666667	86	86	10
d8c0dd0d-eea3-4596-b268-0aeb14351ff3	ArtificialBig-est	PT9.884S	PT9.862S	true	HeuristicMiner	24	24	1.2083333333333333	489	489	10
54c54512-e4ca-4daf-b0cf-ecdf1fecfa50	ArtificialBig-est	PT11.084S	PT11.066S	true	HeuristicMiner	24	24	1.2083333333333333	489	489	10
fd7f4773-2ea9-43ef-b2ad-d2dd9bccf459	ArtificialBig-est	PT13.839S	PT13.823S	true	HeuristicMiner	24	24	1.2083333333333333	489	489	10
4c80cf45-d31f-4cf5-9c16-b18a9b3d3d3a	BPI Challenge 2019	PT33.033S	PT12.173S	true	HeuristicMiner	50	84	0.9	22	22	10
6b803c30-4096-493d-a274-b6720b83ebe4	BPI Challenge 2019	PT57.834S	PT42.269S	true	HeuristicMiner	75	84	1.1014492753623188	106	106	10
a29e7c4b-0cc5-49eb-9458-e753d9851096	BPI Challenge 2019	PT3M1.958S	PT2M46.203S	true	HeuristicMiner	84	84	1.7023809523809523	880	880	10
daf22ad8-6597-44f2-8ad5-e5bf4b1e3381	BPI Challenge 2019	PT25.931S	PT10.305S	true	HeuristicMiner	50	84	0.782608695652174	10	10	10
8191fedd-8e43-4eb2-9f2d-65eb0c174359	BPI Challenge 2012	PT10M2.88S	PT10M0.128S	true	HeuristicMiner	46	46	1.4782608695652173	361	361	10
8107b667-d960-4648-88d2-cd0ec4e2f67f	BPI Challenge 2012	PT20.358S	PT13.473S	true	InductiveMiner	50	56	1.1764705882352942	16	16	5
ffee73e3-9700-4c63-aaec-425a91ed46dc	BPI Challenge 2012	PT19.555S	PT12.534S	true	InductiveMiner	50	56	1.2352941176470589	19	19	7
421b82ff-0d81-468a-b376-00f6a980e16a	BPI Challenge 2012	PT29.956S	PT23.956S	true	InductiveMiner	50	56	1.2058823529411764	23	23	10
f47fc215-db47-4b67-b704-c0f5f2303527	BPI Challenge 2012	PT32.307S	PT27.414S	true	InductiveMiner	50	56	1.2352941176470589	34	34	12
f532545b-cab9-4a9d-aa15-a5cbbd72e4a3	choice-2-variants-7-activities	PT0.091S	PT0.09S	false	ESTMiner	3	3	NaN	0	0	7
e1f28d5a-3326-4971-9e9e-ec2212f25e39	choice-2-variants-7-activities	PT0.577S	PT0.577S	false	ESTMiner	16	16	2.875	100	188	7
fc0757d7-faee-40c5-8c0b-f08df1450796	choice-2-variants-7-activities	PT2M23.59S	PT2M23.59S	false	ESTMiner	24	24	3.5416666666666665	100	514	7
30319b46-3c1e-4e65-aa2f-201c4811f547	BPI Challenge 2012	PT1M11.346S	PT1M3.412S	true	InductiveMiner	56	56	1.2545454545454546	72	72	12
f079b94b-7426-45d7-9477-723a1891e98a	BPI Challenge 2012	PT56.091S	PT47.892S	true	InductiveMiner	56	56	1.2545454545454546	63	63	10
d665ad53-d481-44ab-a30f-ecf26d00d538	BPI Challenge 2012	PT22.453S	PT17.56S	true	InductiveMiner	56	56	1.2545454545454546	33	33	7
af1240a4-4a92-4314-a1f6-2329f20b2cf6	BPI Challenge 2012	PT14.888S	PT10.255S	true	InductiveMiner	56	56	1.2181818181818183	23	23	5
2b5cfca6-e249-495e-ba52-6d54f736aedc	BPI Challenge 2019	PT1M26.232S	PT13.455S	true	InductiveMiner	92	92	0.9318181818181818	0	0	5
7924e517-498e-44f8-9731-30b0543de4c3	BPI Challenge 2019	PT1M14.579S	PT14.353S	true	InductiveMiner	99	99	0.9347826086956522	0	0	7
43ae6fa9-ad6b-4e75-a660-4004fadb937c	BPI Challenge 2019	PT1M24.575S	PT19.869S	true	InductiveMiner	99	99	0.9347826086956522	0	0	10
f6aee530-408b-4226-b1cf-d38087a04fdc	BPI Challenge 2019	PT1M31.65S	PT22.109S	true	InductiveMiner	99	99	0.9347826086956522	0	0	12
